,Unnamed: 0,title,artist,Album_date,LIKE,Album_name,Album_Genre,Lyric,label
0,0,TOMBOY,(여자)아이들,2022.03.14,"114,447",I NEVER DIE,록/메탈,"Look at you 넌 못 감당해 날
Ya took off hook
기분은 Coke like brrr
Look at my toe 나의 Ex 이름 Tattoo
I got to drink up now 네가 싫다 해도 좋아

Why are you cranky, boy?
뭘 그리 찡그려 너
Do you want a blond barbie doll?
It’s not here, I’m not a doll

미친 연이라 말해 What’s the loss to me ya
사정없이 까보라고 You’ll lose to me ya
사랑 그깟 거 따위 내 몸에 상처 하나도 어림없지
너의 썩은 내 나는 향수나 뿌릴 바엔

Ye I’m a Tomboy (Umm ah umm)
Ye I’ll be the Tomboy (Umm ah)
This is my attitude
Ye I’ll be the Tomboy

I don’t wanna play this ping pong
I would rather film a Tik Tok
Your mom raised you as a prince
But this is queendom, right?
I like dancing, I love ma friends
Sometimes we swear without cigarettes
I like to eh on drinking whiskey
I won’t change it, what the hell?

미친 척이라 말해 What’s the loss to me ya
사정없이 씹으라고 You’re lost to me ya
사랑 그깟 거 따위 내 눈에 눈물 한 방울 어림없지
너의 하찮은 말에 미소나 지을 바엔

Ye I’m a Tomboy (Umm ah umm)
Ye I’ll be the Tomboy (Umm ah)
This is my attitude
Ye I’ll be the Tomboy

Said you get it?
You get the song right, you’ll get what I mean “Tomboy”

La la la la la la la la la
La la la la la la la la la

La la la la la la la la la
La la la la la la la la la
(Three, two, one)

It’s neither man nor woman
Man nor woman
It’s neither man nor woman
(Just me I-DLE)

It’s neither man nor woman
Man nor woman
It’s neither man nor woman
(Just me loving Tomboy)",2
1,1,GANADARA (Feat. 아이유),박재범,2022.03.11,"89,399",GANADARA,R&B/Soul,"길거리를 걷다 보면
사랑 노래만 흘러나와
나는 왜 저런 게 낯설까
난 한국말까지 서툴러
번역기도 전혀 도움 안 돼
네 맘엔 어떨까 걱정만
어떤 단어를 쓸지 I don’t know
어떤 말을 할지 I don’t know
나는 왜 이런지 I don’t know
You’re on my mind
어떤 단어를 쓸지 I don’t know
어떤 말을 할지 I don’t know
나는 왜 이런지 I don’t know
You’re on my mind
Baby 정말 생각 안 나
Body language로 자신 있어
보여줄게
girl just give me some your time
너를 보면 손에 땀 나
긴장 풀게 한 번 웃어줘
Let me take u on a magic carpet ride
손을 잡아 따라와
맑은 날씨 보름달
가르쳐줘 오늘 밤
가나다라마바사
손을 잡아 따라와
맑은 날씨 보름달
가르쳐줘 오늘 밤
가나다라마바사
너무 완벽하지 않아도
걱정 마 네 맘을 조금 알 것 같아
네게 좀 더 다가서 볼까
고민해 매일 밤
길거리를 걷다 보면
계속 계속 네 생각이 나
이런 내 모습이 왜 낯설까
번역기 위에서
헤매는 네 손가락까지
자꾸만 생각이 나는 걸
Body language도 나는 괜찮아
But 생각 안 나면 그냥 웃어줘
모든 것을 알려줄게 오늘 밤
내가 나쁜 남자처럼 보여도
너를 볼 때면 맘이 여려져
I wouldn’t mind if I died in your arms
손을 잡아 따라와
맑은 날씨 보름달
가르쳐줘 오늘 밤
가나다라마바사
손을 잡아 따라와
맑은 날씨 보름달
가르쳐줘 오늘 밤
가나다라마바사
손을 잡아 따라와
맑은 날씨 보름달
가르쳐줘 오늘 밤
가나다라마바사
손을 잡아 따라와
맑은 날씨 보름달
가르쳐줘 오늘 밤
가나다라마바사",1
2,2,Feel My Rhythm,Red Velvet (레드벨벳),2022.03.21,"84,493",‘The ReVe Festival 2022 - Feel My Rhythm’,댄스,"Red Velvet

무도회를 뒤집어
작은 소란을 또 일으켜
This is gonna be a crazy night
(To-na-na-na-na-na-night)

등장부터 인사까지 파격적이게
우리 살짝 놀아볼까
솔직하게 Bae bae
지금부터 시작해 볼게
(Feel my vibe and sway)

꽃가루를 날려
폭죽을 더 크게 터트려
우릴 오만과 편견에 가두지 마
자유로워 지금

Feel my rhythm Come with me
상상해 봐 뭐든지
노래를 따라서 저 달빛에 춤을 춰
바로 지금 (Play my rhythm)

Follow follow my heartbeat
해가 떠올 때까지
Feel my rhythm 멈추지 말아 줘
이 순간을 놓지 마 Baby

차는 Old and Classic
(Just ride)
이제 조금 낯선 다른 차원까지
(Get loud)
상상할 수 없던 곳 시간 속
예고 없이 등장해
이 밤은 멋지고 우린
Fun and wild and brave

시선을 끄는 네 Motion
G-give me a new direction
끝없는 Black hole처럼
빠져드는 Sweet emotion
너를 태운 채 (Sway)
어디로든 떠날래 (Way)
온 세상 모든 경계를
다 휘저을래 (Oh yeah)

꽃가루를 날려
(흩날려)
Champagne을 더 크게 터트려
(마음껏)
더는 어제와 내일에 가두지 마
자유로워 지금

Feel my rhythm Come with me
상상해 봐 뭐든지
노래를 따라서 저 달빛에 춤을 춰
바로 지금 (Play my rhythm)

Follow follow my heartbeat
해가 떠올 때까지
Feel my rhythm 멈추지 말아 줘
이 순간을 놓지 마 Baby

온 세상이 멈추는 순간
What a what a feeling
어서 내 손을 잡아
(All right)
본 적 없던 Film
빠져드는 You and I
Next time 시계를 돌려
어디로 가볼까
Come on 또다시 시작해
You and I

Feel my rhythm Come with me
상상해 봐 뭐든지
노래를 따라서 저 달빛에 춤을 춰
바로 지금 (Play my rhythm)

Follow follow my heartbeat
해가 떠올 때까지
Feel my rhythm 끝나지 않는 꿈
이 순간을 놓지 마 Baby",2
3,3,사랑인가 봐,멜로망스,2022.02.18,"52,662",사랑인가 봐 (사내맞선 OST 스페셜 트랙),"발라드, 국내드라마","너와 함께 하고 싶은 일들을
상상하는 게
요즘 내 일상이 되고
너의 즐거워하는 모습을 보고 있으면
자연스레 따라 웃고 있는 걸
너의 행동에 설레어하고 뒤척이다가
지새운 밤이 많아지는데
이건 누가 봐도 사랑일 텐데
종일 함께면 질릴 텐데
나 돌아서도 온통 너인 건
아무래도 사랑인가 봐
점점 너와 하고 싶은 일들 생각하면서
하룰 보낸 날이 많아지는데
이건 누가 봐도 사랑일 텐데
종일 함께면 질릴 텐데
나 돌아서도 온통 너인 건
아무래도 사랑인가 봐
너의 행복해하는 모습을 보고 있으면
나도 모르게 따라 웃는데
이 정도면 알아줄 만하잖아
너도 용기 낼만 하잖아
나만 이런 게 아니라면
우리 만나볼 만하잖아
아무래도 사랑인가 봐",1
4,4,취중고백,김민석 (멜로망스),2021.12.19,"100,247",취중고백,발라드,"뭐하고 있었니 늦었지만
잠시 나올래
너의 집 골목에 있는
놀이터에 앉아 있어
친구들 만나서 오랜만에
술을 좀 했는데
자꾸만 니 얼굴 떠올라
무작정 달려왔어
이 맘 모르겠니
요즘 난 미친 사람처럼
너만 생각해
대책없이 네가 점점 좋아져
아냐 안 취했어 진짜야
널 정말 사랑해
눈물이 날만큼 원하고 있어
정말로 몰랐니
가끔 전화해 장난치듯
주말엔 뭐할거냐며
너의 관심 끌던 나를
그리고 한번씩 누나 주려 샀는데
너 그냥 준다고
생색 낸 선물도 너 때문에 산거야
이 맘 모르겠니
요즘 난 미친 사람처럼
너만 생각해
대책없이 네가 점점 좋아져
아냐 안 취했어 진짜야
널 정말 사랑해
진심이야 믿어줘
갑자기 이런 말 놀랐다면 미안해
부담이 되는게 당연해
이해해 널
하지만 내 고백도 이해해 주겠니 oh
지금 당장 대답하진마
나와 일주일만 사귀어줄래
후회없이 잘 해주고 싶은데
그 후에도 니가 싫다면
나 그때 포기할게
귀찮게 안할게 혼자 아플게
진심이야 너를 사랑하고 있어",1
5,5,INVU,태연 (TAEYEON),2022.02.14,"94,339",INVU - The 3rd Album,댄스,"Falling in love
너에겐 난 Option
시작부터 다른 너와 나
깨지는 Heart
빗나간 네 Mention
익숙하거든

I think I lost my mind
But It’s my kind of love
아끼지 않고 다
쏟아내고는 주저앉아
문득 어느 순간
지친 내가 보여
애쓰고 있지만

So I can’t love you
Even though I do
밀어내 봐도
난 너를 못 이겨

날 버리고
날 잃을수록
넌 반짝이는 아이러니

So I N V U
I N V U
I N V U

기대지 마
기대하지도 마
몇 번을 되뇌고 되놰도
그 손길 한 번에
무너지는 날 볼 때
네 기분은 어때

I guess I lost my mind
Yeah It’s my kind of love
늘 처음인 것처럼
서툴러서 또 상처가 나
무뎌지기 전에
아물기도 전에
잔뜩 헤집어놔

So I can’t love you
Even though I do
밀어내 봐도
난 너를 못 이겨

날 버리고
날 잃을수록
넌 반짝이는 아이러니

So I N V U
I N V U
I N V U

식은 온기
부서진 맘이
자꾸 날 할퀴어
아파도 못 멈춰
So when you leave
Please make it easy
Cause I N V U

I N V U
I N V U
I N V U

I N V U",1
6,6,듣고 싶을까,MSG워너비(M.O.M),2022.02.26,"48,866",듣고 싶을까,발라드,"우리 함께 듣던 그 노랠 듣고 싶을까
듣고 나서 잠시 날 생각은 할까
아주 혹시라도 넌 내가 보고 싶을까
난 왜 니 목소리가 듣고 싶을까
뻔하디 뻔한 노랫말 여서 미안해
미안해도 부디 넌 꼭 들어줬음 해
후회도 미련도 없는 척 떠났지만
이게 내 진심인 걸 꼭 알아줬음 해
우리 함께 듣던 그 노랠 듣고 싶을까
듣고 나서 잠시 날 생각은 할까
아주 혹시라도 넌 내가 보고 싶을까
못난 내 목소리가 듣고 싶을까
말없이 다 전해지는 건 없지 난 말해 지금
몇 년째 나의 favorite one
You the only one yeah
Yes I know 무엇도 달라질 건 없지만
이게 내 진심인 걸 꼭 알아줬음 해
우리 함께 듣던 그 노랠 듣고 싶을까
듣고 나서 잠시 날 생각은 할까
아주 혹시라도 넌 내가 보고 싶을까
난 왜 니 목소리가 듣고 싶을까
Are you okay not today
천천히 대답해도 돼 i just stay
넌 내 목소리가 듣고 싶을까
누굴 만나 봐도 다시는 못할 것 같아
그립고 또 그립다 우리 그 사랑
Woo
I’m missing U
Never forget U
Never forget U
Oh no baby",0
7,7,사랑은 늘 도망가,임영웅,2021.10.11,"144,741",신사와 아가씨 OST Part.2,"발라드, 국내드라마","눈물이 난다 이 길을 걸으면
그 사람 손길이 자꾸 생각이 난다
붙잡지 못하고 가슴만 떨었지
내 아름답던 사람아
사랑이란 게 참 쓰린 거더라
잡으려 할수록 더 멀어지더라
이별이란 게 참 쉬운 거더라
내 잊지 못할 사람아
사랑아 왜 도망가
수줍은 아이처럼
행여 놓아버릴까 봐
꼭 움켜쥐지만
그리움이 쫓아 사랑은 늘 도망가
잠시 쉬어가면 좋을 텐데
바람이 분다 옷깃을 세워도
차가운 이별의 눈물이 차올라
잊지 못해서 가슴에 사무친
내 소중했던 사람아
사랑아 왜 도망가
수줍은 아이처럼
행여 놓아버릴까 봐
꼭 움켜쥐지만
그리움이 쫓아 사랑은 늘 도망가
잠시 쉬어가면 좋을 텐데
기다림도 애태움도 다 버려야 하는데
무얼 찾아 이 길을 서성일까
무얼 찾아 여기 있나
사랑아 왜 도망가
수줍은 아이처럼
행여 놓아버릴까 봐
꼭 움켜쥐지만
그리움이 쫓아 사랑은 늘 도망가
잠시 쉬어가면 좋을 텐데
잠시 쉬어가면 좋을 텐데",1
8,8,RUN2U,STAYC(스테이씨),2022.02.21,"59,825",YOUNG-LUV.COM,댄스,"RUN
Told you not 또 괜한 기대
겉으론 걱정해 난 안 바뀌네
또 가끔 말을 막 해 너무 딱해
헛소리들 나는 안 들리네 no oh yeah
Told you 난 so always b day
겉으론 내 편인데 못해 이해
그 참견들은 가짜 나는 바빠
어떻게 해도 나는 안 들리네
no no oh
타 버리고 파
너의 사랑은 so sunny yeah
사라져도 사라져도
다 버리고 파 너만 있다면
no worry yeah
알잖아 It should be you
So I’LL RUN TO YOU
So I’LL RUN TO YOU
선을 넘는 거래도 over and over
다쳐도 괜찮아 I’LL RUN TO YOU
So I’LL RUN TO YOU
A little bit little bit Young
A little bit little bit Young
A little bit little bit
알지 나의 Style
네가 어떤 너래도 over and over
다쳐도 괜찮아 I’LL RUN TO YOU
JJ
물불 안 가리는 type
I never 절대로 도도
망가질 수 없는 사이
알잖아 I’m not a poser
혹시라도 잘못돼도
절대 너를 탓하지 않아
그게 어디라도 wanna be there
타 버리고 파
너의 사랑은 so sunny yeah
사라져도 사라져도
다 버리고 파 너만 있다면
no worry yeah
알잖아 It should be you
So I’LL RUN TO YOU
So I’LL RUN TO YOU
선을 넘는 거래도 over and over
다쳐도 괜찮아 I’LL RUN TO YOU
So I’LL RUN TO YOU
A little bit little bit Young
A little bit little bit Young
A little bit little bit
알지 나의 Style
네가 어떤 너래도 over and over
다쳐도 괜찮아 I’LL RUN TO YOU
No no that’s ok that’s ok
누가 뭐래도
No 괜찮아 아플 거래도
상관없어 멋대로 생각해도 돼
막지 못해 널 사랑하기 때문에
So I’LL RUN TO YOU
So I’LL RUN TO YOU
선을 넘는 거래도 over and over
다쳐도 괜찮아 I’LL RUN TO YOU
So I’LL RUN TO YOU
A little bit little bit Young
A little bit little bit Young
A little bit little bit
알지 나의 Style
네가 어떤 너래도 over and over
다쳐도 괜찮아 I’LL RUN TO YOU",1
9,9,언제나 사랑해,케이시 (Kassy),2022.02.07,"39,116",조영수 리메이크 프로젝트 Part.2,발라드,"둘이 손잡고 걸을 때
마주 보며 또 웃을 때
사랑한다 말하지 않아도 알아
널 만나러 가는 길에
내 입가에 늘 환한 미소만이
흐르고 있어
사랑해 너를 사랑해
눈물 나도록 사랑해
저기 밤하늘의 별보다
보석보다 네가 더 소중해
얼마나 내가 얼마나 너를 사랑하는지
내 모든 걸 너에게 줄게
속상하고 힘이 들 때
열이 나고 아파할 때
옆에서 늘 힘이 돼준 사람 너야
집에 돌아오는 길에
내 귓가엔 늘 너의 음성만이
흐르고 있어
사랑해 너를 사랑해
눈물 나도록 사랑해
저기 밤하늘의 별보다
보석보다 네가 더 소중해
얼마나 내가 얼마나 너를 사랑하는지
내 모든 걸 너에게 줄게
세월 지나 많이 변했을 때
미운 나의 손을 잡아줄 사람
먼 훗날 아주 먼 훗날
우리 눈 감는 그날에
나를 사랑해 준 너에게 고맙다고
후회는 없다고
사랑해 나만의 사랑
다시 태어난대도
내 사랑은 너 하나뿐야
영원히 너를 사랑해",2
10,10,SMILEY (Feat. BIBI),YENA (최예나),2022.01.17,"93,879",ˣ‿ˣ (SMiLEY),댄스,"울지 마 울지 마
어린아이같이
웃는 게 웃는 게
이기는 거라고
You are so cute
You are so dumb
네가 하는 말이
오늘따라 듣기 싫어
하늘을 한 번 쳐다보고
내가 꾹 참고
맘을 다 잡고
네게 밝게 웃어줄게
And I say Hey
I’m gonna make it
Smile Smile Smile away
예쁘게 웃고 넘겨버릴래
Just Smile away
Just Smile away
아픔 슬픔 외로움 잊게
I say hey
I never wanna Cry Cry Cry all day
갑자기 눈물이 차오를 땐
Just Smile away
Just Smile away
안녕이라 말할래
With my Smiley face
비웃을 때 빼고
내 입꼬리는 Chillin’
나빠야지 살아남지 넌 뭐해
귀엽고 예쁘면 장땡이냐 근데
널 보고 있으니까 기분이가 좋네
삐뚤어진 성격 모두 나를 겁내
아주 그냥 확 너는 왜 계속 웃어
당황하는 틈을 타 날 무장해제
친구가 될 수 있을까 우리 둘이
내가 꾹 참고
맘을 다잡고
네게 밝게 웃어줄게
And I say Hey
I’m gonna make it
Smile Smile Smile away
예쁘게 웃고 넘겨버릴래
Just Smile away
Just smile away
아픔 슬픔 외로움 잊게
I say hey
I never wanna Cry Cry Cry all day
갑자기 눈물이 차오를 땐
Just Smile away
Just Smile away
안녕이라 말할래
With my Smiley face
사실 나의 맘속은 그게 아닌데
웃어넘기기에 난 너무 행복해
세상 환히 웃고 있는 내게
미친 세상은 날 미쳤다 하겠지
I don’t care
I don’t care
What you saying
한 번 사는 내 삶 I Smile it
Even it’s lonely & dark
Yeah I
And I say Hey
I’m gonna make it
Smile Smile Smile away
예쁘게 웃고 넘겨버릴래
Just Smile away
Just Smile away
아픔 슬픔 외로움 잊게
I say hey
I never wanna Cry Cry Cry all day
갑자기 눈물이 차오를 땐
Just Smile away
Just Smile away
안녕이라 말할래
With my Smiley face",2
11,11,다정히 내 이름을 부르면,"경서예지, 전건호",2021.05.19,"121,455",다정히 내 이름을 부르면 (경서예지 x 전건호),발라드,"끝없이 별빛이 내리던 밤
기분 좋은 바람이
두 빰을 스치고
새벽 바다 한곳을 보는
아름다운 너와 나
그림을 그려갔어
모래 위 떨린 손끝으로
날 향해 웃어주는 입술
끝 모양과 저 달보다
사랑스러운 두 눈을 가진 네가
다정히 내 이름을
부르면 내 마음이
녹아내려 언제나
나 하날 위해 준비된
선물 같아 널 안으면
잠들지 않는 바다 위를
너와 함께 걷는 거 같아
하늘 아래 너와 나
남은 내 모든 날을 너에게
다 줘도 안 아까워
이제서야 내가
사랑에 눈을 뜬 건 가봐
경험하지 못했고
믿기지 않는 일만
일어나고 있는 거 아니
5월에 피는 봄꽃 처럼
내 사랑도 피어나
부는 바람에 살며시 실어 보내
다정히 내 이름을
부르면 내 마음이
녹아내려 언제나
나 하날 위해 준비된
선물 같아 널 안으면
잠들지 않는 바다 위를
너와 함께 걷는 거 같아
하늘 아래 너와 나
설레는 지금이
꿈이 아닌 걸 알잖아
난 더 바랄 게 없어
먼 훗날 내 생애
아주 작은 소리로
귓가에 말할 거야
내 곁에 머물러줘서
마음 다해 고맙다고
어떤 말로도 표현 못 할
내 인생의 전부였다고
이 순간 너를 꼭 안고
고백할게 언제나
우리 모든 날들과
별빛 아래 우리 그림자
제일로 특별하다고
길고 긴 겨울 끝을 지나
너의 앞에 서있는 지금
선명한 목소리로
널 사랑한다고
말할게",0
12,12,ELEVEN,IVE (아이브),2021.12.01,"118,329",ELEVEN,댄스,"따분한 나의 눈빛이
무표정했던 얼굴이
널 보며 빛나고 있어
널 담은 눈동자는 odd

내 안에 빼곡하게 피어나는 blue
내가 지금 느끼는 이 감정들은 true
내 입술을 간지럽힌 낯선 그 이름
난 몰랐어 내 맘이 이리 다채로운지

긴 꿈을 꾸게 해 이 방은 작은 heaven
춤을 추곤 해 실컷 어지러울 만큼
Oh my, oh my god
한 칸 더 채우고 있어
잘 봐 1, 2, 3, 4, 5, 6, 7
You make me feel like eleven

투명한 너와 나의 사이
가만히 들여다보다
일렁인 물결 속으로
더 빠져드는 걸

그날 향기로운 보랏빛의 mood
셀 수 없이 반복해도 기분 좋은 꿈
감히 누가 이렇게 날 설레게 할 줄
난 몰랐어 내 맘이 이리 다채로운지

긴 꿈을 꾸게 해 이 방은 작은 heaven
춤을 추곤 해 실컷 어지러울 만큼
Oh my, oh my god
한 칸 더 채우고 있어
잘 봐 1, 2, 3, 4, 5, 6, 7
You make me feel like eleven

내 앞에 있는 너를
그 눈에 비친 나를 (그 눈에 비친 나를)
Aya, aya, aya (가만히 바라봐)
내 앞에 있는 너를
그 눈에 비친 나를
가만히 바라봐

Don't say now
서둘러 오진 마
이 순간이 좋아 난
미처 몰랐어 내 맘이 이리 다채로운지

긴 꿈을 꾸게 해 이 방은 작은 heaven
춤을 추곤 해 실컷 어지러울 만큼
Oh my, oh my god
한 칸 더 채우고 있어
잘 봐 1, 2, 3, 4, 5, 6, 7
You make me feel like eleven

내 앞에 있는 너를
그 눈에 비친 나를
Aya, aya, aya
내 앞에 있는 너를
그 눈에 비친 나를
사랑하게 됐거든",0
13,13,신호등,이무진,2021.05.14,"265,285",신호등,록/메탈,"이제야 목적지를 정했지만
가려한 날 막아서네 난 갈 길이 먼데
새빨간 얼굴로 화를 냈던
친구가 생각나네
이미 난 발걸음을 떼었지만
가려한 날 재촉하네 걷기도 힘든데
새파랗게 겁에 질려 도망간
친구가 뇌에 맴도네
건반처럼 생긴 도로 위
수많은 동그라미들 모두가
멈췄다 굴렀다 말은 잘 들어
그건 나도 문제가 아냐
붉은색 푸른색 그 사이
3초 그 짧은 시간
노란색 빛을 내는
저기 저 신호등이
내 머릿속을 텅 비워버려
내가 빠른지도
느린지도 모르겠어
그저 눈앞이 샛노랄 뿐이야
솔직히 말하자면 차라리
운전대를 못 잡던 어릴 때가
더 좋았었던 것 같아
그땐 함께 온 세상을
거닐 친구가 있었으니
건반처럼 생긴 도로 위
수많은 조명들이 날 빠르게
번갈아 가며 비추고 있지만
난 아직 초짜란 말이야
붉은색 푸른색 그 사이
3초 그 짧은 시간
노란색 빛을 내는 저기 저 신호등이
내 머릿속을 텅 비워버려
내가 빠른지도
느린지도 모르겠어
그저 눈앞이 샛노랄 뿐이야
꼬질꼬질한 사람이나
부자 곁엔 아무도 없는
삼색 조명과 이색 칠 위에
서 있어 괴롭히지 마
붉은색 푸른색 그 사이
3초 그 짧은 시간
노란색 빛을 내는 저기 저 신호등이
내 머릿속을 텅 비워버려
내가 빠른지도
느린지도 모르겠어
그저 눈앞이 샛노랄 뿐이야",1
14,14,"회전목마 (Feat. Zion.T, 원슈타인) (Prod. Slom)",sokodomo,2021.11.13,"197,118",쇼미더머니 10 Episode 2,랩/힙합,"내가 슬플 때마다
이 노래가 찾아와
세상이 둥근 것처럼 우린 동글동글

인생은 회전목마
우린 매일 달려가
언제쯤 끝나 난 잘 몰라

어머, 벌써 정신없이 달려왔어
Speed up 어제로 돌아가는 시곌 보다가
어려워 어른이 되어가는 과정이 Uh huh
On the road, 24 시간이 아까워 Uh huh
Big noise, Everything brand new
어렸을 때처럼 바뀌지 않는 걸
찾아 나섰단 말야 왜냐면 그때가 더 좋았어 난
So let me go back
타임머신 타고 I'll go back
승호가 좋았을 때처럼만

내가 슬플 때마다
이 노래가 찾아와
세상이 둥근 것처럼 우리
인생은 회전목마
우린 매일 달려가
언제쯤 끝나 난 잘 몰라

빙빙 돌아가는 회전목마처럼
영원히 계속될 것처럼
빙빙 돌아올 우리의 시간처럼
인생은 회전목마

어머 벌써 정신없이 달려왔어
Speed up 어제로 돌아가는 시곌 보다가
청춘까지 뺏은 현재
탓할 곳은 어디 없네
Twenty two 세에게 너무 큰 벽
그게 말로 하고 싶어도 어려웠어
가끔은 어렸을 때로 돌아가
불가능하단 건 나도 잘 알아
그 순간만 고칠 수 있다면
지금의 나는 더 나았을까

달려가는 미터기 돈은 올라가
기사님과 어색하게 눈이 맞아
창문을 열어보지만 기분은 좋아지지 않아
그래서 손을 밖으로 쭉 뻗어 쭉 뻗어
흔들리는 택시는 어느새
목적지에 도달했다고 해
방 하나 있는 내 집 안의
손에 있던 짐들은

내가 힘들 때마다
이 노래가 찾아와
세상이 둥근 것처럼 우리
인생은 회전목마
우린 계속 달려가
언제쯤 끝날지 잘 몰라

빙빙 돌아가는 회전목마처럼
영원히 계속될 것처럼
빙빙 돌아올 우리의 시간처럼
인생은 회전목마

I'm on a TV show
You would never even know
사실 얼마나 많이
불안했는지
정신없이 돌아서
어딜 봐야 할지 모르겠어
들리나요 여길 보란 말이

빙빙 돌아가는 회전목마처럼
영원히 계속될 것처럼
빙빙 돌아올 우리의 시간처럼
인생은 회전목마

빙빙 돌아가는 회전목마처럼
영원히 계속될 것처럼
빙빙 돌아올 우리의 시간처럼
인생은 회전목마",1
15,15,존재만으로,원슈타인,2022.02.26,"41,207",스물다섯 스물하나 OST Part 4,"랩/힙합, 국내드라마","Miss you
한동안 난 멍하니 지내
시간은 바쁜 듯이 흘러
바람이 매몰차게 스쳐 가네
But I
네 생각으로 힘이 나네
방금 전에 널 본 것처럼
유난히 널 닮은 별 아래
세상이 환하게 보여
넌 나를 빛나게 해
존재만으로
Bless you
너 없이 빈 하루가 가네
듬성하게 빈 공간 속에는
채워지네 너만의 모습으로
But I
네 생각으로 힘이 나네
방금 전에 널 본 것처럼
하늘의 별이 반짝이네
내 마음 아는 것처럼
넌 나를 빛나게 해
존재만으로
다시 혼자인걸 알고 나면
마치 기다리고 있던 덫처럼 problems
I know I know
짐을 덜고 싶지 않은 당신
그럼 난 말을 줄이며
하고 싶은 얘기를 뒤로 미루고
어느새인가 관심이 없어 보이며
그냥 지나가는 행인1 행인2 행인3
침대위로 누워버려 난
뭘 하고 있을까 넌 알고 있을까
변했어 나의 밤 새벽 2:45
전엔 지옥 같더니 이젠 설레는 마음
그 길로 뛰어나간 난
우리동네에서 제일 좋은 전망
그 밑을 내려다보며
저기 어딘가에 있겠지 하며
이 밤 처음으로 웃었지
환한 네 미소처럼
넌 나를 빛나게 해
존재만으로",1
16,16,STAY,"The Kid LAROI, Justin Bieber",2021.07.09,"211,709",Stay,POP,"I do the same thing I told you
that I never would
I told you I'd change
even when I knew I never could
I know that I can't find
nobody else
as good as you
I need you to stay
need you to stay hey Oh
I get drunk wake up
I'm wasted still
I realize the time
that I wasted here
I feel like you can't
feel the way I feel
Oh I'll be fucked up
if you can't be right here
Oh ooh-woah
Oh ooh-woah ooh-woah
Oh ooh-woah
Oh ooh-woah ooh-woah
Oh ooh-woah
Oh ooh-woah ooh-woah
Oh I'll be fucked up
if you can't be right here
I do the same thing I told you
that I never would
I told you I'd change
even when I knew I never could
I know that I can't find
nobody else
as good as you
I need you to stay
need you to stay hey
I do the same thing I told you
that I never would
I told you I'd change
even when I knew I never could
I know that I can't find
nobody else
as good as you
I need you to stay
need you to stay hey
When I'm away from you
I miss your touch Ooh
You're the reason
I believe in love Ooh
It's been difficult
for me to trust Ooh
And I'm afraid
that I'ma fuck it up Ooh
Ain't no way
that I can leave you stranded
'Cause you ain't ever left me
empty-handed
And you know that I know
that I can't live without you
So baby stay
Oh ooh-woah
Oh ooh-woah ooh-woah
Oh ooh-woah
Oh ooh-woah ooh-woah
Oh ooh-woah
Oh ooh-woah ooh-woah
I'll be fucked up
if you can't be right here
I do the same thing I told you
that I never would
I told you I'd change
even when I knew I never could
I know that I can't find
nobody else
as good as you
I need you to stay
need you to stay hey
I do the same thing
I told you that I never would
I told you I'd change
even when I knew I never could
I know that I can't find
nobody else
as good as you
I need you to stay
need you to stay hey
Woah-oh
I need you to stay
need you to stay hey",1
17,17,드라마,아이유,2021.12.29,"114,638",조각집,발라드,"나도 한때는 그이의 손을 잡고
내가 온 세상 주인공이 된 듯
꽃송이의 꽃잎 하나하나까지
모두 날 위해 피어났지

올림픽대로 뚝섬 유원지
서촌 골목골목 예쁜 식당
나를 휘청거리게 만든
주옥같은 대사들

다시 누군가 사랑할 수 있을까
예쁘다는 말 들을 수 있을까
하루 단 하루만 기회가 온다면
죽을힘을 다해 빛나리

언제부턴가 급격하게
단조로 바뀌던 배경음악
조명이 꺼진 세트장에
혼자 남겨진 나는

단역을 맡은 그냥 평범한 여자
꽃도 하늘도 한강도 거짓말
나의 드라마는 또 이렇게 끝나
나왔는지조차 모르게

끝났는지조차 모르게",2
18,18,Step Back,GOT the beat,2022.01.03,"85,085",Step Back,댄스,"You must step back
어델 어델 봐
너 감히 누구라고 날 제껴
이쯤에서 물러나고
입 닫는게 좋을걸
아님 어디 한번
기어 올라와 보던가
널 짝사랑을 했었니
소꿉장난처럼 어릴 때
엔간히 끼를 좀 끼를 좀 끼를 좀
네가 부렸겠니
소싯적 추억 팔이
그리 재밌니
내 남잔 지금 Another level
너 따윈 꿈도 못 꿀 Level
날 가진 그런 Next level
보다시피 Another level
Don’t bring it to me 꺼져줘
내 거에서 손 떼 너
Step back Step back
다시 태어나도 안될걸
Step back Step back
착한 남자들에게
너는 독배 같은 것
마실수록 외로워
He’s sick and tired everyday
넘지 말아 Border line
Step back Step back
네가 비빌 곳이 아니야
Step back Step back
저울질로 가린 건
참지 못할 가벼운
네 마음일걸
He’s sick and tired everyday
그런다고 네게 되나 들어봐
상상보다 너 같은 애들이 많긴 많아
그러거나 말거나
세상은 너를 빼고 돌아가 돌아가
You gotta get a good mind
Are you looking for fun
재미를 또 찾니
호의로 다가와
이미 계산 끝나
공해상의 보물선을 보기라도 한 듯
막 들이대
시작해 Transaction
넌 좀 감당 못할 Level
세계가 무대인 Our Level
내 곁에서야 가능 Level
보다시피 Another level
Don’t bring it to me 꺼져줘
내 거에서 손 떼 너
Step back Step back
다시 태어나도 안될걸
Step back Step back
착한 남자들에게
너는 독배 같은 것
마실수록 외로워
He’s sick and tired everyday
넘지 말아 Border line
Step back Step back
네가 비빌 곳이 아니야
Step back Step back
저울질로 가린 건
참지 못할 가벼운
네 마음일걸
He’s sick and tired everyday
그와 함께했던 수많은 날들
네 장난 같은 유혹에
흔들리지 않아
사랑이란 감정을
거래하는 건 Too much
이제 그만 꺼져
돌아가 네 세계
다시는 착각은 말고
남자들 다 똑같아
내가 뜨면 시선집중
여기저기 Flash 터져
찍어라 찍어라 찍어라
상상은 너의 Freedom
가지가지 하기 전에
속부터 Build up
더 나가면 넌 좀 다쳐
Girls Bring it on
Step back Step back Step back
Silly girl
The only girl who live in a dream
Step back Step back Step back
Silly girl
내 앞에서 좀 비켜줘 Yeah
Don’t bring it to me 꺼져줘
내 거에서 손 떼 너
Step back Step back
다시 태어나도 안될걸
Step back Step back
착한 남자들에게
너는 독배 같은 것
마실수록 외로워
He’s sick and tired everyday
넘지 말아 Border line
Step back Step back
네가 비빌 곳이 아니야
Step back Step back
저울질로 가린 건
참지 못할 가벼운
네 마음일걸
He’s sick and tired everyday",1
19,19,리무진 (Feat. MINO) (Prod. GRAY),BE'O (비오),2021.11.20,"170,764",쇼미더머니 10 Episode 3,랩/힙합,"까만 리무진 보며
꿈을 키웠지
언젠가는 나도 저걸 갖게 될 거야
커다란 리무진에서 내가 내리지
변한 것은 내가 아닌 삶의 무게 they don't know

I say hi
내게 안 된다는 사람들 오랜만이야
나를 봐
너에게 인사를 건네는 여유쯤이야
왜 병을 줬어 내게
덕분에 젖었어 베개는
그래서 I said 'you ready?'
이 노랜 널 위한 곡이니까 들어줘
됐어 이제 와 건네는 응원은 개뻥
날 떠난 그녀도 전화해 취해서
회사 매니저가 음악을 채점했던
그때도 버텼어 매번
거짓말 하지 마 원래 잘 될 줄 알았다네 비오가
멀었어 이게 내 신호탄
새벽에 전화는 하지 마

Always hide freakin' inside
그땐 갉아 먹던 자존감이 식사
Reset 그때 나의 실패를
바란 사람들아
Never change though I'm in a limousine

까만 리무진 보며
꿈을 키웠지
언젠가는 나도 저걸 갖게 될 거야
커다란 리무진에서 내가 내리지
변한 것은 내가 아닌 삶의 무게 they don't know

No no no oh oh oh oh
I don't change my mind if I'm in a limousine

Oh no no 기억도 안 나고 안 할 거
열두 평 to 120평
울 엄마 식당 말고 골프 쳐
Back in a day yeah
편이 오늘의 적이네 yeah
그걸 깨달았을 때엔
서랍 안에 총을 넣어뒀네

리무진처럼 길고 길었지
지옥 같던 연습실
청춘을 갈아 넣어 뿌린
내 그릇의 가니쉬
좋은 상품이랍시고
많이들 포장도 하지만
아이돌 다 리스펙하지
I hate your laziness

Always hide freakin' inside
그땐 갉아먹던 자존감이 식사
Reset 그때 나의 실패를
바란 사람들아
Never change though I'm in a limousine

까만 리무진 보며
꿈을 키웠지
언젠가는 나도 저걸 갖게 될 거야
커다란 리무진에서 내가 내리지
변한 것은 내가 아닌 삶의 무게 they don't know

떠나도 보내고
가난은 forever
너 때문에 난
희망을 버렸어

그래도 일어서
다시 걸었어
괜찮아
이건 다 리허설

빌빌댔었던 올해
작년과 2년 전 나의
방의 쌓였던 약에
양의 비례한 곡들과 입속의 단내
돌고 돌고 돌아 breathing

이제 쉬어지네 호흡이
몰래몰래 했던 나의 젊은 날에
한숨 가득 찬 레코딩

네 잎을 바라던 손이
저절로 떼버린 하나의 꽃잎

I didn't want luck. I wanted

까만 리무진 보며
꿈을 키웠지
언젠가는 나도 저걸 갖게 될 거야
커다란 리무진에서 내가 내리지
변한 것은 내가 아닌 삶의 무게 they don't know

No no no oh oh oh oh
I don't change my mind if I'm in a limousine",1
20,20,버퍼링 (Glitch Mode),NCT DREAM,2022.03.28,"61,891",Glitch Mode - The 2nd Album,댄스,"Scratch that bring it back
(Shook! Shook! Ha)
네 앞에선

Glitch Mode
온몸이 고장 났어 Reload
난 어질 어질 어질 두통
또 돌고 돌아
I’m in Glitch Mode
전에 없던 Situation
너 아님 너만 Repetition
Trouble trouble like a miscode
비상이 걸려
버 버퍼링이야
I’m on that Glitch Mode

엔진 Sound 위험해
겪은 적 없는 Pit a pat
네가 다가와 Whoop! The whoop!
왜 숨이 멎는데
가속도를 타는 심장
Go speeding up
이 감정은 어떤 말도
Can’t get enough

Watch me Imma be crazy
저항도 못하고 Hands up
돌이켜 놔 Into my mind
한방에 퍼지는 Ransom
왜 이래 왜 이래 왜
이건 치명적인 사태
Shutting me down 제어 불가
모두 다 Say I’m too much

네가 몰고 오는
달디단 소나기에
작은 싹이 돋아나
숲을 키워내
Growing up to heaven
Touching on the sun
너를 아무리 아무리
막아도 자라나고
Trouble trouble like a miscode
비상이 걸려
I’m on that Glitch Mode
I’m on that Glitch Mode
I’m on

Scratch that bring it back
(Shook! Shook! Ha)
네 앞에선

Glitch Mode
온몸이 고장 났어 Reload
난 어질 어질 어질 두통
또 돌고 돌아
I’m in Glitch Mode
전에 없던 Situation
너 아님 너만 Repetition
Trouble trouble like a miscode
비상이 걸려
버 버퍼링이야
I’m on that Glitch Mode

Code is 버퍼링 칠해 이 Scene
너의 미모는 Clickbait going
네게 Auto pilot in the air

어디서도 본 적 없던
수식인 걸
외워 둘 수 있어 나는
네 모든 걸

너를 꿈꾸느라 밤새
너 없는 꿈은 전부 Nightmare
시작된 Glitch Mode
놀라지 않아도 돼
오류 하나쯤 I like it
이런 게 사랑이면 Ok

스친 손끝에도
머릿속이 정지돼
낯선 감각들이
내 몸을 지배해
There was no you
There was no me
감정만 떠도는 Place
너 아닌 다른 모든 건
Out of the space

299,792 per second
Light Speed Bass Drop
Robot Blast Start Off
Light Speed Bass Drop

Scratch that bring it back
(Shook! Shook! Ha)
네 앞에선

Glitch Mode
온몸이 고장 났어 Reload
난 어질 어질 어질 두통
또 돌고 돌아
Iʼm in Glitch Mode
전에 없던 Situation
너 아님 너만 Repetition
Trouble trouble like a miscode
비상이 걸려
버 버퍼링이야
I’m on that Glitch Mode",1
21,21,어제처럼,폴킴,2022.02.27,"29,045",어제처럼,발라드,"Trust the warmth inside
Can you feel my love alive
어제처럼
오늘도 아무 일 없는 듯이
그리고
Please don't tell me why
이렇게 돌아서지만
나를 떠나가는 이유를
난 묻진 않을게요
내게 이런 말 하기가
쉽진 않았을 거야
생각해 봤어
얼마나 어려웠을지
다만
슬픈 내 눈물에
돌아설 수 없어
멈출 사랑으로
안을까 봐
난 너무나 두려울 뿐이죠
So baby
Trust the warmth inside
Can you feel my love alive
어제처럼
오늘도 아무 일 없는 듯이
그리고
Please don't tell me why
이렇게 돌아서지만
나를 떠나가는 이유를
난 묻진 않을게요
네겐 너무나 부족한
나를 알고 있기에
다짐해 왔어
언젠가 이별이 오면
그땐
떠난 내 마음이
미안하지 않게
좋은 추억으로
간직하게
널 웃으며 보내준다고
Faith is all we need
It was love that set us free
처음처럼
이별은 아무런 얘기 없이
하지만
Love forever lives
다시는 볼 수 없어도
나의 가슴속엔 언제나
그대 영원하겠죠
언젠가 내 모습 또다시
처음처럼 그립다면
그냥 돌아오면 돼
Don't you know I love you
Faith is all we need
It was love that set us free
처음처럼
이별은 아무런 얘기 없이
하지만
Love forever lives
다시는 볼 수 없어도
나의 가슴속엔 언제나
그대 영원하겠죠",1
22,22,내 생에 아름다운,이예준,2022.03.06,"20,372",내 생에 아름다운,발라드,"Don't walk away I'm falling down
Don't walk away I'm falling down
깊어져만 가는
밤하늘 별빛은 여전히
그 자리 그대를 기다리죠
한참을 말하지 않아도
그대 두 눈 들여다보면
나는 알아요 그대를 느끼죠
햇살 안은 밤하늘 수평선 멀리
그대의 별 되어 늘 그대를 지킬게요
내 생에 가장 아름다운 시간들
나 그댈 위해 간직해온
짙은 숨결 그대에게
닿기를 바래요
Don't walk away I'm falling down
Don't walk away I'm falling down
점점 멀어지는
한동안 그대 외로이
힘없이 지나간 나날들
나는 아파요 그대를 느끼죠
햇살 안은 밤하늘 수평선 멀리
그대의 별 되어 늘 그대를 지킬게요
내 생에 가장 아름다운 시간들
나 그댈 위해 간직해온
짙은 숨결 전해지길
바래요 오직 나 그대가
내 맘 흐르는 하늘을 바라봐줘요
한걸음 다가와 멀어지진 말아줘요
하루하루 같은 이곳에 남겨져
나 그대에게 머물게요
내 생에 가장 아름다운 그대와 영원히",2
23,23,사랑인걸,한동근,2022.03.13,"15,054",사랑인걸,발라드,"하루가 가는 소릴 들어
너 없는 세상 속에
달이 저물고 해가 뜨는 서러움
한날도 한시도 못 살 것 같더니
그저 이렇게 그리워하며 살아
어디서부터 잊어갈까
오늘도 기억 속에
니가 찾아와 하루 종일 떠들어
니 말투 니 표정 너무 분명해서
마치 지금도 내 곁에
니가 사는 것만 같아
사랑인걸 사랑인걸
지워봐도 사랑인걸
아무리 비워내도
내 안에는 너만 살아
너 하나만 너 하나만
기억하고 원하는 걸
보고픈 너의 사진을
꺼내어 보다 잠들어
어디서부터 잊어갈까
오늘도 기억 속에
니가 찾아와 하루 종일 떠들어
니 말투 니 표정 너무 분명해서
마치 지금도 내 곁에
니가 사는 것만 같아
사랑인걸 사랑인걸
지워봐도 사랑인걸
아무리 비워내도
내 안에는 너만 살아
너 하나만 너 하나만
기억하고 원하는 걸
보고픈 너의 사진을
꺼내어 보다 잠들어
잠결에 흐르던 눈물이
곧 말라가듯 조금씩 흐려지겠지
손 내밀면 닿을 듯
아직은 눈에 선한 니 얼굴
사랑해 사랑해 잊으면 안 돼
너만 보고 너만 알고
너만 위해 살았던 난
마음 둘 곳을 몰라
하루가 일 년 같아
아무것도 아무 일도
아무 말도 못하는 난
그래도 사랑을 믿어
그래도 사랑을 믿어
오늘도 사랑을 믿어",2
24,24,"너, 너 (N번째 연애 X 휘인 (Whee In))",휘인 (Whee In),2022.02.13,"31,510","너, 너 (N번째 연애 X 휘인 (Whee In))",발라드,"하루 종일 집에 누워서
전화기만 보고 있잖아
내 머릿속은
네 생각들로만 짜여져 있어
날 찾지 않아도
좋아하지 않아도
이제는 느낄 수 있어
바라보지 않아도
다른 사람에게 마음을 줘도
이제는 견딜 수 있어
어두운 방 안에서
혼자 있는 나 그리고 하
네가 불러주지 않아도
난 괜찮아 난 괜찮아
날 찾지 않아도
좋아하지 않아도
이제는 느낄 수 있어
바라보지 않아도
다른 사람에게 마음을 줘도
이제는 견딜 수 있어
어두운 방 안에서
혼자 있는 나 그리고 하
네가 불러주지 않아도
난 괜찮아 난 괜찮아
언젠가는 다시
돌아와 주길 와 주길
언젠가는 꼭 다시 볼 수 있기를
볼 수 있기를
어두운 방 안에서
혼자 있는 나 그리고 하
네가 불러주지 않아도
난 괜찮아 난 괜찮아
어두운 방 안에서
혼자 있는 나 그리고 하
네가 불러주지 않아도
난 괜찮아 난 괜찮아",2
25,25,strawberry moon,아이유,2021.10.19,"188,633",strawberry moon,록/메탈,"달이 익어가니 서둘러 젊은 피야
민들레 한 송이 들고
사랑이 어지러이 떠다니는 밤이야
날아가 사뿐히 이루렴

팽팽한 어둠 사이로
떠오르는 기분
이 거대한 무중력에 혹 휘청해도
두렵진 않을 거야

푸르른 우리 위로
커다란 strawberry moon 한 스쿱
나에게 너를 맡겨볼래 eh-oh

바람을 세로질러
날아오르는 기분 so cool
삶이 어떻게 더 완벽해 ooh

다시 마주하기 어려운 행운이야
온몸에 심장이 뛰어
Oh 오히려 기꺼이 헤매고픈 밤이야
너와 길 잃을 수 있다면

맞잡은 서로의 손으로
출입구를 허문
이 무한함의 끝과 끝 또 위아래로
비행을 떠날 거야

푸르른 우리 위로
커다란 strawberry moon 한 스쿱
나에게 너를 맡겨볼래 eh-oh
바람을 세로질러
날아오르는 기분 so cool
삶이 어떻게 더 완벽해 ooh

놀라워 이보다
꿈같은 순간이 또 있을까 (더 있을까)
아마도 우리가 처음 발견한
오늘 이 밤의 모든 것, 그 위로 날아

푸르른 우리 위로
커다란 strawberry moon 한 스쿱
세상을 가져보니 어때 eh-oh

바람을 세로질러
날아오르는 기분 so cool
삶이 어떻게 더 완벽해 ooh",0
26,27,Next Level,aespa,2021.05.17,"239,989",Next Level,댄스,"I’m on the Next Level Yeah
절대적 룰을 지켜
내 손을 놓지 말아
결속은 나의 무기
광야로 걸어가
알아 네 Home ground
위협에 맞서서
제껴라 제껴라 제껴라

상상도 못한 Black out
유혹은 깊고 진해
(Too hot too hot)
맞잡은 손을 놓쳐
난 절대 포기 못해

I’m on the Next Level
저 너머의 문을 열어
Next Level
널 결국엔 내가 부셔
Next Level
KOSMO에 닿을 때까지
Next Level
제껴라 제껴라 제껴라

La la la la la la
La la la la la la
La la la la la la
La la la la la

I see the NU EVO.
적대적인 고난과 슬픔은
널 더 Popping 진화시켜
That’s my naevis It’s my naevis
You lead, we follow
감정들을 배운 다음
Watch me while I make it out

Watch me while I work it out
Watch me while I make it out
Watch me while I work it out
Work it work it work it out

감당할 수 없는 절망도
내 믿음을 깨지 못해
더 아픈 시련을 맞아도
난 잡은 손을 놓지 않을게 Oh

절대로 뒤를 돌아보지 말아
광야의 것 탐내지 말아
약속이 깨지면
모두 걷잡을 수 없게 돼
언제부턴가 불안해져 가는 신호
널 파괴하고 말 거야
(We want it)
Come on!
Show me the way to KOSMO Yeah

Black Mamba가 만들어낸 환각 퀘스트
aespa, ae를 분리시켜놓길 원해 그래
중심을 잃고 목소리도 잃고 비난받고
사람들과 멀어지는 착각 속에
naevis 우리 ae, ae들을 불러봐
aespa의 Next Level “P.O.S”를 열어봐
이건 REAL WORLD 깨어났어
We against the villain
What’s the name?
Black Mamba

결국 난 문을 열어
그 빛은 네겐 Fire
(Too hot too hot)
난 궁금해 미치겠어
이다음에 펼칠 Story
Huh!

I’m on the Next Level
저 너머의 문을 열어
Next Level
널 결국엔 내가 부셔
Next Level
KOSMO에 닿을 때까지
Next Level
제껴라 제껴라 제껴라

I’m on the Next Level
더 강해져 자유롭게
Next Level
난 광야의 내가 아냐
Next Level
야수 같은 나를 느껴
Next Level
제껴라 제껴라 제껴라
Huh!",2
27,28,호랑수월가,탑현,2022.01.15,"56,749",호랑수월가,발라드,"흐르는 저 하늘을 물어 채는 범처럼
태산에 날아들어 숨어드는 새처럼
동산을 뛰고 뛰어가는 강아지처럼
온 산에 풍물 막을 내리네
바람은 지친 끝에 밤에 몸을 뉘이네
별빛은 아뜩하니 은하수를 내리네
차가운 밤하늘에 세상이 젖어 가네
그리워 홀로 타령을 하자
흘러가라 사랑사랑아
덧없이 피고 떨어지는 꽃송아
애닯구나 가락가락아
눈물에 떨어진 별을 헤네
푸른 달아 오랜 고운 내 달아
비친 내 손에 내려다오
은색 소매 내 곁에 두른 채로
한 번만 타는 입을 축여다오
푸른 달아 다시 없을 내 달아
뻗은 손끝에 닿아다오
달빛만이 흘러 바다가 되고
지쳐 전하지 못하는 수월가
고요한 바다 위로 내 노래가 떠 간다
소리도 부끄러워 숨죽이고 떠 간다
달빛에 젖은 몸을 내놓고서 떠 간다
한낮이 비쳐 오를 때까지
달아 달아 애달픈 달아
피었다 이내 숨어 버릴 허상아
시리구나 세월세월아
나날을 헤면서 현을 뜯네
푸른 달아 오랜 고운 내 달아
비친 내 손에 내려다오
은색 소매 내 곁에 두른 채로
한 번만 타는 입을 축여다오
푸른 달아 다시 없을 내 달아
뻗은 손끝에 닿아다오
달빛만이 흘러 바다가 되고
지쳐 전하지 못하는 수월가
서로 가자 굽이굽이 쳐 가자
하늘에 닿을 너머까지
밤아 가라 훠이훠이 가거라
산 위에 걸린 저 달은 태평가
서로 가자 굽이굽이 쳐 가자
새벽에 닿을 너머까지
달빛만이 흘러 바다가 되고
지쳐 전하지 못하는 수월가
하늘을 보며 그리는 풍류가
손으로 잡을 수 없는 수월가",1
28,29,눈이 오잖아(Feat.헤이즈),이무진,2021.12.03,"74,745",눈이 오잖아(Feat.헤이즈),발라드,"한 달 좀 덜 된 기억들
주머니에 넣은 채
걷고 있어 몇 시간을
혹시 몰라 네가 좋아했던
코트를 입은 채
나온 번화가 그때 마침
찬바람 막아줄
네가 이젠 없으니까
추울 때 따스히
안아줄 이가 없으니까
친구들이 불러도
나갈 수 없어 난
창문 너머
그저 바라봐 그때 마침
눈이 오잖아
우리 처음 만난 그 밤에도
한참 동안 눈이 왔잖아
지금 내가 생각나지
않을 리가 없잖아
눈이 오잖아
그때 내가 밤하늘 내린
하얀 눈 예쁘다 했잖아
그랬잖아
지금 눈이 오잖아
Uh 눈이 오잖아
이 말 핑계인 걸 알지만
생각에 잠기곤 해
거릴 거니는 내
곁에 아무도 없을 때
더 크게 들리네
Oh 눈 내리는 소리
이제 인정하자
수많은 끝도 끝났어
찬란한 그때의
우린 이젠 없으니까
돌아온 계절
남아있는 건 없으니까
추억을 지우는 게
내 이별의 숙제
창문 너머
그저 바라봐 그때 마침
눈이 오잖아
우리 처음 만난 그 밤에도
한참 동안 눈이 왔잖아
지금 내가 생각나지
않을 리가 없잖아
눈이 오잖아
그때 내가 밤하늘 내린
하얀 눈 예쁘다 했잖아
그랬잖아
지금 눈이 오잖아
마지막 안녕이 남은 거리에서 혼자
너와의 약속들을 되뇌었어
함께여야 할 너 없는 이 겨울의
첫눈이 오잖아
눈이 오지만
우리 처음 만난 그 밤에도
내렸던 그 눈이 오지만
주머니 속 챙겨 나온 기억
버려야만 해
눈이 오지만
우린 이대로의 모습으로
남아있는 게 맞지만
그래도
지금
그 눈이 오잖아",0
29,30,Weekend,태연 (TAEYEON),2021.07.06,"167,795",Weekend,댄스,"가장 가까운 바다
혼자만의 영화관
그냥 이끌리는 대로 해도 괜찮으니까
Every morning 울린
Beep beep beep beep 소리
귀에 윙윙윙 맴도는
나를 재촉하던 모닝콜 없이 일어나
Cheese cake 한 입
유리컵 한가득
내린 커피 한 잔
아이스로 할래 아주 여유롭게
문득 시곌 보니
벌써 시간은 열두시
그래도 아주 느긋해
그리곤 하품 한 번
한껏 기지개도 켜고
생각해 오늘 뭐 할까
창문 너머 계절에 시선이 닿은 그 순간
쏟아지는 햇살 내 맘을 두드려
내게 손짓하는 싱그러운 바람 타고서
떠나볼래 When the weekend comes
I can do whatever I want
바람 따라 흩어진 cloud
더 자유롭게 we can go
가장 가까운 바다
혼자만의 영화관
그냥 이끌리는 대로 해도 괜찮으니까
훌쩍 떠나보는 drive
뚜벅 걸어도 좋아
뭐든 발길 닿는 대로 지금 떠나보려 해 oh
하루쯤 세상의 얘길 무시한 채
내가 나의 하루를 조립해 보려 해
더는 no no stress 고민 안 할래
Move it right left right 내 맘대로
가본 적도 없는 길 뭐가 있든지
I don’t need a map
when I roll the streets
이어 가보는 이윤 for a little fun
계속 up up up 좀 더 올라가
한쪽 길모퉁이 따라 맘대로 자라난
조그만 이름 모를 꽃
한참을 바라보다 뜨거운 햇살을 피해
벤치에 잠깐 앉아 봐
느려지는 걸음 그림자의 속도를 따라
함께 걷는 태양과 발을 맞추고
뒤이을 달빛을 따라 돌아오고 싶은 걸
떠나볼래 When the weekend comes
I can do whatever I want
바람 따라 흩어진 cloud
더 자유롭게 we can go
아무 계획이 없어서 완벽한 plan
우연히 찾아낸 secret place
그곳에 두고 와 나만의 작은 짐
골목길 끝을 돌아 만나게 될
기분 좋은 surprise 또 설렘
두근두근 온종일
고소한 향기의 coffee shop
눈에 들어오는 예쁜 옷
Do it for the weekend
do it for the weekend
맘에 들어오는 걸 더는 망설이긴 싫은 걸
그래도 돼 When the weekend comes
I can do whatever I want
바람 따라 흩어진 cloud
더 자유롭게 we can go
가장 가까운 바다
혼자만의 영화관
그냥 이끌리는 대로 해도 괜찮으니까
훌쩍 떠나보는 drive
뚜벅 걸어도 좋아
뭐든 발길 닿는 대로 지금 떠나보려 해 oh",0
30,31,너를 생각해,주시크 (Joosiq),2021.09.22,"108,968",너를 생각해,"R&B/Soul, 인디음악","너를 들려주고 싶었어
이 노랠 만들 때
아마 니가 정말 많이 좋아할꺼야
이젠 내겐 니가 없어서
나 혼자 불러도
혹시 듣게 되면 그게 니 얘기라고
난 노랠 만들 땐
늘 너를 생각해
어딘가 혼자 진지한 표정
고개를 끄덕거리고 나선
항상 흥얼거리며 따라 불렀어
나를 보며 신나있던 너에게
불러주고 싶던 노래를
왜 이제야 겨우 완성했을까
이 노랜 널 사랑한다는 내 얘기가
잔뜩 들어갔어야 하는 노랜데
너를 들려주고 싶었어
이 노랠 만들 때
아마 니가 정말 많이 좋아할꺼야
이젠 내겐 니가 없어서
나 혼자 불러도
혹시 듣게 되면 그게 니 얘기라고
니가 자주 가곤했던 카페에
이 노래가 나올 때까지
니 친구가 따라 부를 때까지
이 노랠 유명해지게 계속 불러서
나는 너에게로 꼭 닿고 말거야
너를 들려주고 싶었어
이 노랠 만들때
아마 니가 정말 많이 좋아할꺼야
이젠 내겐 니가 없어서
나 혼자 불러도
혹시 듣게 되면 그게 니 얘기라고
너를 사랑할땐 몰랐던
바보라 미안해
아마 이걸 듣고 너는 원망하겠지
이젠 내가 많이 잘할게
너 혼자 울지마
혹시 듣게 되면 아직 너뿐이라고",1
31,32,Counting Stars (Feat. Beenzino),BE'O (비오),2021.12.12,"154,215",Counting Stars,랩/힙합,"Counting stars
밤하늘에 펄
Better than your LV
Your LV
Counting stars stars
밤하늘에 펄
Better than your LV
Your LV
Yeah Salvador Dali and I'm Picasso
별들은 내 작품을 전시 밀라노에
Not 일방통행 나 피만 토했던
시절을 생각하면 눈물이 핑 도네
My grandfather
요양병원 가시던 날이야
대성통곡하며 인사
코로나 바이러스 면회 못 간대
fxck covid
이제 할아버지 몸값 비싸
좋은 약 좋은 날 좋은 삶
좋은 것만 다 한데 모아
해드려야 하지 그의 손잔
서울대는 아니어도 곧잘 살아
이 새파란 놈은 걱정 마
이제 당신의 자식까지 사장 만들어
이게 나의 각오 yeah
Counting stars
밤하늘에 펄
Better than your LV
Your LV
Counting stars stars
밤하늘에 펄
Better than your LV
Your LV
A Letter to my step father
기억나나요 내가 대학 갔을 때
축하한다며 주신 백만원으로
난 시작 했어요 내 세상을
낙원상가 가서 야마하 스피커랑
14만원 짜리 마이크 사고
그때 우리 가족 잠실 살던 때
그때만 해도 내가 아저씨라고
아빠를 불렀던 때
But you’re realer than
my real father now
지금 눈물 참느라 비음 됐어 난
얼마 전 친구 아버지 사진 앞에서
그 상실감을 조금 체험했어 난
오늘 내 별이 몇 개 떴는진
모르지만 one thing that I know
아버지의 편지가 더 많았지
강원도의 별들보다도
I’m counting stars
밤하늘에 펄
Better than your LV
Your LV
I’m counting stars stars
밤하늘에 펄
Better than your LV
Your LV",2
32,33,라일락,아이유,2021.03.25,"235,255",IU 5th Album 'LILAC',댄스,"나리는 꽃가루에 눈이 따끔해 (아야)
눈물이 고여도 꾹 참을래
내 마음 한켠 비밀스런 오르골에 넣어두고서
영원히 되감을 순간이니까

우리 둘의 마지막 페이지를 잘 부탁해
어느 작별이 이보다 완벽할까
Love me only till this spring

오 라일락 꽃이 지는 날 good bye
이런 결말이 어울려
안녕 꽃잎 같은 안녕
하이얀 우리 봄날의 climax
아 얼마나 기쁜 일이야

Ooh ooh
Love me only till this spring
봄바람처럼
Ooh ooh
Love me only till this spring
봄바람처럼

기분이 달아 콧노래 부르네 (랄라)
입꼬리는 살짝 올린 채
어쩜 이렇게 하늘은 더 바람은 또 완벽한 건지
오늘따라 내 모습 맘에 들어

처음 만난 그날처럼 예쁘다고 말해줄래
어느 이별이 이토록 달콤할까
Love resembles misty dream

오 라일락 꽃이 지는 날 good bye
이런 결말이 어울려
안녕 꽃잎 같은 안녕
하이얀 우리 봄날의 climax
아 얼마나 기쁜 일이야

Ooh ooh
Love resembles misty dream
뜬구름처럼
Ooh ooh
Love resembles misty dream
뜬구름처럼

너도 언젠가 날 잊게 될까
지금 표정과 오늘의 향기도
단잠 사이에 스쳐간
봄날의 꿈처럼

오 라일락 꽃이 지는 날 good bye
너의 대답이 날 울려
안녕 약속 같은 안녕
하이얀 우리 봄날에 climax
아 얼마나 기쁜 일이야

Ooh ooh
Love me only untill this spring
봄바람처럼
Ooh ooh
Love me only untill this spring
봄바람처럼

Ooh ooh
Love resembles misty dream
뜬구름처럼
Ooh ooh
Love resembles misty dream
뜬구름처럼",0
33,34,MY BAG,(여자)아이들,2022.03.14,"26,078",I NEVER DIE,랩/힙합,"Red five diamonds in my bag
If you wanna see it, dance to a beat like that
My mama saw it and ‘Oh my god dang’
Ok I’ll show you what’s in my bag

Red five diamonds in my bag
If you wanna see it, dance to a beat like that
My mama saw it and ‘Oh my god dang’
Ok I’ll show you what’s in my bag

Uh oh I know you like it
My voice는 말해 뭐 해 God dang
Uh oh I just like it
태생부터 많은 Money 관심 없지

싸가지 없는 무대의 못된 범인의 눈빛
Fantasy란 말은 나를 빼고 다 금지
글러 먹은 너의 감 모두 나를 위한 밥
독한 Vibe sugar high 맛 좀 봐라 모두 Die

Rum-rum-rum Rumble 다 Crumble
이 Voice는 Drum에도 No lose
No no no lovely I’m Bumblebee
그냥 훅 들어갈 뿐 안 해 One, two

I never had 겁 a.k.a “Giant dog”
아차 하고 쓰다듬은 다쳐 이건 어쩜 범
I value my love 그만 두들겨 너
머리 빈 멍청이들과는 노는 물이 전혀 달라 Ye you know

Red five diamonds in my bag
If you wanna see it, dance to a beat like that
My mama saw it and ‘Oh my god dang’
Ok I’ll show you what’s in my bag

Red five diamonds in my bag
If you wanna see it, dance to a beat like that
My mama saw it and ‘Oh my god dang’
Ok I’ll show you what’s in my bag

가벼운 건 No no
공포에는 덤덤
나쁜 놈에겐 월월
덤벼봐라 Come come

I’m a cool lady 유일무이 캐릭
네가 벌벌 떠는 언니들 사이 Boss baby
넘치는 Jealousy
But that’s too early
내 피부부터 Young한 것은 언급하기도 귀찮네

존재가 Princess 어쩌면 범죄
넘치는 Bullet 맘을 관통해
향기는 Like rose and beautiful red
화가 난 가시의 그대 Blood ye

아직 읽지 않은 연락들은 앞으로도 읽지 않을 거니
헛된 희망들은 저기 버려두길
You know say no

Red five diamonds in my bag
If you wanna see it, dance to a beat like that
My mama saw it and ‘Oh my god dang’
Ok I’ll show you what’s in my bag

Red five diamonds in my bag
If you wanna see it, dance to a beat like that
My mama saw it and ‘Oh my god dang’
Ok I’ll show you what’s in my bag",1
34,35,Starlight,태일 (TAEIL),2022.02.13,"52,120",스물다섯 스물하나 OST Part 1,"록/메탈, 국내드라마","난 지금 널 향해 달려가고 있어
숨이 턱까지 차올라 괜찮아
잠시 후 널 마주할 생각에
가슴이 터질 듯 두근대고 있어
저 멀리 보이는 네가 가장 빛나
넌 마치 별빛과도 같은걸
조금만 더 가까이
한 발자국 다가갈수록
넌 사라질 것만 같아
조심스레 네게 꼭 할말이 있어
You are my Starlight
You are my Sunshine
너가 무엇을 원하든
날 비춰주는 건 너야
너야 그게 너야
가끔은 감당하기 힘든 슬픔이
널 누르고 있을 때면 그럴때
내 앞에 던져 놓고 가도 돼
울지마 괜찮아
언제나 난 네 옆에 있어
넌 부서질 것만 같아
조심스레 네게 꼭 할말이 있어
You are my Starlight
You are my Sunshine
너가 무엇을 원하든
날 비춰주는 건 너야
너야 그게 너야
We light everyone
Shine on each other
슬픈 표정은 이제 곧
사라지고 말거니까
기억해 우린 무엇보다 더
빛나는 존재란걸
You are my Starlight
You are my Sunshine
너가 무엇을 원하든
날 비춰주는 건 너야
너야 그게 너야
We light everyone
Shine on each other
슬픈 표정은 이제 곧
사라지고 말거니까
기억해 우린 무엇보다 더
빛나는 존재란걸",2
35,36,Dreams Come True,aespa,2021.12.20,"86,554",Dreams Come True - SM STATION,댄스,"Uh, You wanna feel the vibe
That I’m feeling and loving it and imagining
저기 멀리 Looks like tiny we call it's destiny
지금부터 하나 둘 셋 하면 모여보자
그래 Come over
Yeah, Get it on nah Get in on nah
Let’s bring back to 90’s

내가 원하는 대로
자신 있는 모습 그대로
이제껏 숨겨 왔던 비밀을
네게 모두 말하고 싶어 Baby

Funny how all dreams come true
(My dreams come true)
나를 지켜줄 거야
아껴왔던 작은 사랑도
(You make me feel so good)
Funny how I feel for you
너의 곁에 그려질
꿈결같은 나의 미래도
(You gotta be mine 지금도 미래도)

You make it feel me good
Do you wanna upside down
You make it feel me good
Don’t you wanna up and down
I’m in Twilight Zone

처음 느낌인 것처럼
짜릿했던 순간 그대로야 지금 난
마치 약속했던 것 같아
같은 곳 바라볼 때
그때 말하고 싶어
So I’m loving you more than last forever
Hey, Yeah~

Funny how all dreams come true
(My dreams come true)
나를 지켜줄 거야
아껴왔던 작은 사랑도
(You make it feel so good)
Funny how I feel for you
너의 곁에 그려질
꿈결같은 나의 미래도
(You gotta be mine 지금도 미래도)

(지금도 미래도)

You make it feel me good
Do you wanna upside down
You make it feel me good
Don’t you wanna up and down

Come on over
언제나 둘이 함께
네가 있는 나 행복할 거예요
더는 슬픈 노래 듣지 않을 거예요
내 맘을 알겠죠 Woo Woo

Naw ae love epp few love mee wern ae taki wakka mekezon
Nart weeny beeney weeny beeney ganer gan

Pam murr wassur doo wee gecha love mee wassur doo yee thang
dui giree wesso wella gella doo wee gella

Funny how all dreams come true
(My dreams come true)
나를 지켜줄 거야
아껴왔던 작은 사랑도
(You make it feel so good)
Funny how I feel for you
너의 곁에 그려질
꿈결같은 나의 미래도
(You gotta be mine 지금도 미래도)

Dreams come true",0
36,37,바라만 본다,MSG워너비(M.O.M),2021.06.26,"172,706",MSG워너비 1집,발라드,"내가 너라면 다 알아볼 텐데
널 위할 사람 찾아낼 텐데
지난 오랜 시간 너의 그 곁을
지켜온 나라는 걸
내가 너였다면 참 행복할 텐데
한 사람을 다 가졌으니까
둔한 바보도 눈치챌 그 사랑을
너만 왜 모르니
너를 바라만 바라만 본다
외쳐 네 이름만 부른다
보고 싶은 맘에 너를 향한 그 발걸음
네 곁을 맴도는데
오늘도 그리고 그리워하다
애써 참았던 눈물이 흘러
그저 멀리서만 바라보다
또 소리쳐 네가 보고 싶다
네가 나라면 더 참 아팠을 텐데
슬픈 역할은 내가 맡을게
웃는 모습만 보이며 살아가 줘
내가 볼 수 있게
너를 바라만 바라만 본다
외쳐 네 이름만 부른다
보고 싶은 맘에 너를 향한 그 발걸음
네 곁을 맴도는데
오늘도 그리고 그리워하다
애써 참았던 눈물이 흘러
그저 멀리서만 바라보다 또 소리쳐
네가 보고 싶다
한 걸음 더 다가갈까
더 가까이 네게 갈까 OH
어제보다 더 내일 더 널 사랑해
I’ll make you love me someday
혼자 바라고 바라만 보다
울컥 그리움이 솟는다
바보 같은 맘에 하지 못한 그 한마디
널 사랑한다는 말
얼마나 그리고 그리워해야
내 맘 너의 곁에 닿게 될까
매일 하루 종일 너의 생각에 사무쳐
너무 보고 싶다",1
37,38,Dynamite,방탄소년단,2020.08.24,"430,489",Dynamite (DayTime Version),댄스,"Cos ah ah
I’m in the stars tonight
So watch me bring the fire
and set the night alight
Shoes on get up in the morn
Cup of milk let’s rock and roll
King Kong kick the drum
rolling on like a rolling stone
Sing song when I’m walking home
Jump up to the top LeBron
Ding dong call me on my phone
Ice tea and a game of ping pong
This is getting heavy
Can you hear the bass boom
I’m ready
Life is sweet as honey
Yeah this beat cha ching
like money
Disco overload I’m into
that I’m good to go
I'm diamond you know I glow up
Hey so let’s go
Cos ah ah
I’m in the stars tonight
So watch me bring the fire
and set the night alight
Shining through the city
with a little funk and soul
So I’mma light it up
like dynamite woah
Bring a friend join the crowd
Whoever wanna come along
Word up talk the talk
just move like we off the wall
Day or night the sky’s alight
So we dance to the break of dawn
Ladies and gentlemen
I got the medicine
so you should keep ya
eyes on the ball huh
This is getting heavy
Can you hear the bass boom
I’m ready
Life is sweet as honey
Yeah this beat cha ching
like money
Disco overload
I’m into that I’m good to go
I'm diamond you know I glow up
Let’s go
Cos ah ah
I’m in the stars tonight
So watch me bring the fire
and set the night alight
Shining through the city
with a little funk and soul
So I’mma light it up
like dynamite woah
Dynnnnnanana life is dynamite
Dynnnnnanana life is dynamite
Shining through the city
with a little funk and soul
So I’mma light it up
like dynamite woah
Dynnnnnanana eh
Dynnnnnanana eh
Dynnnnnanana eh
Light it up like dynamite
Dynnnnnanana eh
Dynnnnnanana eh
Dynnnnnanana eh
Light it up like dynamite
Cos ah ah
I’m in the stars tonight
So watch me bring the fire
and set the night alight
Shining through the city
with a little funk and soul
So I’mma light it up
like dynamite
Cos ah ah
I’m in the stars tonight
So watch me bring the fire
and set the night alight
Shining through the city
with a little funk and soul
So I’mma light it up
like dynamite woah
Dynnnnnanana life is dynamite
Dynnnnnanana life is dynamite
Shining through the city
with a little funk and soul
So I’mma light it up
like dynamite woah",1
38,39,OHAYO MY NIGHT,"디핵 (D-Hack), PATEKO (파테코)",2020.06.20,"178,658",OHAYO MY NIGHT,랩/힙합,"너를 사랑하고 있어
너를 사랑하고 있어
자기야 날 사랑해주면 안 될까
말처럼 쉽지는 않은 걸 알지만
세게 날 안아주면 안 될까
오늘따라 세상이 무섭단 말이야
잠깐 인공호흡을 해주라
왠지 숨이 잘 안 쉬어져서 난
날 놓을 거면 과거에 놔주라
네가 있는 시간에서 죽어갈 거야
우리 그냥 결혼하면 안 될까
돈은 내가 열심히 벌 테니까
이 세상과 내가 눈감는 날
까지만 날 사랑한다 말해주라
내가 너를 사랑해도
네가 날 안 사랑해도
우린 나름대로 행복할 거야
내 방 천장에 그려 본
내 우주에게 물어본
말은 나를 사랑하면 안 될까
오사카나 오키나와의 바다
내 뮤비들을 찍었던 곳 말이야
같이 가자 약속했었잖아
그 약속이 깨질까 봐 겁이 나
WHUTUF이 결혼한다 하던 날
진짜 처음으로 걔가 부럽더라
하얀 웨딩드레스를 입은 아름다운
너와 영원을 말할 수 있을까
가족이 되어주라
내 집이 되어주라
나도 날 줄 테니 너도 널 주라
평생의 연인이야
네 말대로 말이야
그래 별과 우주잖아
날 사랑하지 않는다면
나의 사랑 반을 받아
남은 사랑의 반도
내가 채워줄 거야 꼭
내가 너를 사랑해도
네가 날 안 사랑해도
우린 나름대로 행복할 거야
내 방 천장에 그려 본
내 우주에게 물어본
말은 나를 사랑하면 안 될까
내가 너를 사랑해도
네가 날 안 사랑해도
우린 나름대로 행복할 거야
내 방 천장에 그려 본
내 우주에게 물어본
말은 나를 사랑하면 안 될까",2
39,40,Savage,aespa,2021.10.05,"144,049",Savage - The 1st Mini Album,댄스,"Oh my gosh!
Don't you know I’m a Savage?
I’m a Killa 너를 깰 ae
아직도 가리고 환각을 펼친 너
팰라 We Holler
두렵지 않아 너 너 Hit you harder

날 밀어 넣어 Deep fake on me
준비가 안된 무대로
몰아넣어 Fake on me
Got everybody mock up to me
수치를 느끼게 멘탈을 흔들어놔
싸늘한 관중 무너져 ae
더는 널 못 참아 Say No!

두고 봐 난 좀 Savage
너의 Dirty 한 Play
더는 두고 볼 수 없어
나를 무너뜨리고 싶은
네 환각들이 점점
너를 구축할 이유가 돼
I’m a Savage
널 부셔 깨 줄게 Oh
I’m a Savage
널 짓밟아 줄게 Oh

Get me get me now
Get me get me now
(Zu Zu Zu Zu)
지금 나를 잡아
아님 난 더 Savage
(Zu Zu Zu Zu)
Get me get me now
Get me get me now
(Zu Zu Zu Zu)
이젠 내가 너를 잡아
Now I'm a Savage
Gimme gimme now
Gimme gimme now
(Zu Zu Zu Zu)
너의 말이 보여
네 약점 Algorithm
(Zu Zu Zu Zu)
김이 김이 나
김이 김이 나
(Zu Zu Zu Zu)
MA ae SYNK 방해 말고
꺼져 Savage
(Zu Zu Zu Zu)

Mmmh Everybody looks at me
익숙하잖니
양보해 참아야만 돼
어른스럽게
I'm locked up in the glass
난 놀고 싶은데
너무 끔찍한 기대
그런 환각 틀에 나를 가둬 놔

I'm going 광야로 Game in
물리쳐 교묘한 이간질
And my ae로부터
멀어지게 만들
회심찬 네 Trick
We gone 광야로 Game in
베어버려 내 빛의 검
데미지를 입은 네게
인정사정 볼 것 없는 펀치

그것 봐 난 좀 Savage
너의 재생력을 막아
흐트러놔 빼놔
잊지 말아 여긴 바로 광야
너의 시공간은 내 뜻대로
Make It break it
I’m a Savage
널 부셔 깨 줄게 Oh
I’m a Savage
널 짓밟아 줄게 Oh

Get me get me now
Get me get me now
(Zu Zu Zu Zu)
지금 나를 잡아
아님 난 더 Savage
(Zu Zu Zu Zu)
Get me get me now
Get me get me now
(Zu Zu Zu Zu)
이젠 내가 너를 잡아
Now I'm a Savage
Gimme gimme now
Gimme gimme now
(Zu Zu Zu Zu)
너의 말이 보여
네 약점 Algorithm
(Zu Zu Zu Zu)
김이 김이 나
김이 김이 나
(Zu Zu Zu Zu)
MA ae SYNK 방해 말고
꺼져 Savage
(Zu Zu Zu Zu)

위기에 빠진 날 지켜준 건 너였어
My naevis we love U
My victory 하나의 SYNK DIVE
모두 네가 만들어준 기회란 거
I know your sacrifices Oh
My naevis we love U
알아 우린 반드시
네 기억들을 찾아줄게
우린 만나 꼭 부활 그다음

Savage
Savage
Yeah~

Get me get me now
Get me get me now
(Zu Zu Zu Zu)
지금 나를 잡아
아님 난 더 Savage
(Zu Zu Zu Zu)
Get me get me now
Get me get me now
(Zu Zu Zu Zu)
이젠 내가 너를 잡아
Now I'm a Savage
Gimme gimme now
Gimme gimme now
(Zu Zu Zu Zu)
너의 말이 보여
네 약점 Algorithm
(Zu Zu Zu Zu)
김이 김이 나
김이 김이 나
(Zu Zu Zu Zu)
MA ae SYNK 방해 말고
꺼져 Savage
(Zu Zu Zu Zu)

Ha ha, What?",1
40,41,Butter,방탄소년단,2021.05.21,"266,459",Butter,댄스,"Smooth like butter
Like a criminal undercover
Gon’ pop like trouble
Breakin’ into your heart like that

Cool shade stunner
Yeah I owe it all to my mother
Hot like summer
Yeah I’m makin’ you sweat like that

Break it down

Oh when I look in the mirror
I’ll melt your heart into 2
I got that superstar glow so
Do the boogie like

Side step right left to my beat (heartbeat)
High like the moon rock with me baby
Know that I got that heat
Let me show you ‘cause talk is cheap
Side step right left to my beat (heartbeat)
Get it, let it roll

Smooth like butter
Pull you in like no other
Don’t need no Usher
To remind me you got it bad

Ain’t no other
That can sweep you up like a robber
Straight up, I got ya
Makin’ you fall like that

Break it down

Oh when I look in the mirror
I’ll melt your heart into 2
I got that superstar glow so
Do the boogie like

Side step right left to my beat (heartbeat)
High like the moon rock with me baby
Know that I got that heat
Let me show you ‘cause talk is cheap
Side step right left to my beat (heartbeat)
Get it, let it roll

Get it, let it roll
Get it, let it roll

No ice on my wrist
I'm that n-ice guy
Got that right body and that right mind
Rollin' up to party got the right vibe
Smooth like butter
Hate us love us

Fresh boy pull up and we lay low
All the playas get movin’ when the bass low
Got ARMY right behind us when we say so
Let's go

Side step right left to my beat (heartbeat)
High like the moon rock with me baby
Know that I got that heat
Let me show you ‘cause talk is cheap
Side step right left to my beat (heartbeat)
Get it, let it roll

Smooth like (butter)
Cool shade (stunner)
And you know we don't stop

Hot like (summer)
Ain’t no (bummer)
You be like oh my god

We gon’ make you rock and you say (yeah)
We gon’ make you bounce and you say (yeah)

Hotter?
Sweeter!
Cooler?
Butter!

Get it, let it roll",1
41,42,만남은 쉽고 이별은 어려워 (Feat. Leellamarz) (Prod. TOIL),베이식 (Basick),2021.11.20,"114,127",쇼미더머니 10 Episode 3,랩/힙합,"만남은 쉽고 이별은 어려워
눈빛에 베일 듯 우린 날카로워
마침표를 찍고 난 조금 더 멀리 가려 해
만남은 쉽고 이별은 참 어려워

아직도 기억나 차 안의 공기가
처음 들었을 때 마음이 짜릿했던 뭔가가
6살이었지만 알았었지 뭔가 다르단 건
그렇게 쉽게 만나게 되는 거야 꿈이란 건

시간이 흘러서 이제 음악은 내 놀이가 됐고
듣고 따라만 부르기엔 내게는 뭔가 부족했어
그래서 실행에 옮겼지 방에서 혼자 꿈만 꾸던 모습
가사를 쓰고 부를 때 사실 내가 생각했던 건

돌아가야 할까 나아가야 할까
환호와 박수 소리를 들을 때 떠나야 할 것 같지 왜
지금 떠나서 아름다운 기억으로만 간직해
다들 꿈이란 건 이루지 못한 채 꾸고만 사는데

It's Ok 괜찮아 난 맛이라도 봤잖아

다시 현실로 돌아가 그래 취직하고 잘 살아
잘 잊혀지고 있잖아
그런데 자꾸 왜 난 또 가사를 끄적이는 걸까

만남은 쉽고 이별은 어려워
눈빛에 베일 듯 우린 날카로워
마침표를 찍고 난 조금 더 멀리 가려 해
만남은 쉽고 이별은 참 어려워

어렵게 시간이 지나고 다시금 만난 그 꿈은 꽤 반짝였지
이제는 영원할 것만 같았던 그 시간은 잠깐이었지
그렇게 어렵게 놓아줬었는데 쉽게 다시 왔다 멀어지는 건
내 의지완 달라 멀어지는 걸 인정하기는 죽기보다 싫어
섭섭할 뿐이지 모자란 내 자신한테
거짓말했었던 날들이 반복돼 사실 알고 있던
것들인데도 난 모른 척 문제가 없는 척 언제나 척뿐이었지
잘 돼가는 거 하나도 없는데 내 자존심 챙기는 것뿐이었지

어쩌면 알고 있었지 모든 걸 아니 알고 있었어 전부터
왜 모르겠어 I ain't dumb 이별은 어렵지만 피할 수 없는 거 같아
준비는 예전부터 했는지도 몰라
이제는 생긴 거 같아 마침표를 찍을 용기가

끝나도 괜찮아 정말 할 수 있는 건 다 해봤어
다음 페이지에 끝나도 좋아 그러나 거기에 너가 있다면
이 얘기의 끝을 미룰 거야 그게 내가 원하던 결말
아직도 어려워 이미 해봤던 이별이라도

만남은 쉽고 이별은 어려워
눈빛에 베일 듯 우린 날카로워
마침표를 찍고 난 조금 더 멀리 가려 해
만남은 쉽고 이별은 참 어려워

그대가 날 떠나간단 말만 하지 않는다면
이 자리에 서 있을게요
그대가 날 떠나간단 말만 하지 않는다면
이 자리에

만남은 쉽고 이별은 어려워
눈빛에 베일 듯 우린 날카로워
마침표를 찍고 난 조금 더 멀리 가려 해
만남은 쉽고 이별은 참 어려워",2
42,43,이제 나만 믿어요,임영웅,2020.04.03,"148,870",내일은 미스터트롯 우승자 특전곡,성인가요/트로트,"무얼 믿은 걸까 부족했던 내게서
나조차 못 믿던 내게 여태 머문 사람
무얼 봤던 걸까 가진 것도 없던 내게
무작정 내 손을 잡아 날 이끈 사람
최고였어
그대 눈 속에 비친 내 모습
이제는 내게서 그댈 비춰줄게
궂은 비가 오면
세상 가장 큰 그대 우산이 될게
그댄 편히 걸어가요
걷다가 지치면
내가 그대를 안고 어디든 갈게
이제 나만 믿어요
나만 두고 가던
나만 스쳐 간 행운이 모여
그대가 되어서 내게 와준 거야
궂은 비가 오면
세상 가장 큰 그대 우산이 될게
그댄 편히 걸어가요
걷다가 지치면
내가 그대를 안고 어디든 갈게
이제 나만 믿어요
나의 마지막 주인공이 되어
다신 누구 앞에서도
그대는 고개 숙이지 마요
내가 보지 못했던 홀로 고단했던 시간
고맙고 미안해요 사랑해요
이 세상은
우리를 두고 오랜 장난을 했고
우린 속지 않은 거야
이제 울지 마요
좋을 땐 밤새도록 맘껏 웃어요
전부 그대 꺼니까
그대는 걱정 말아요
이제 나만 믿어요",1
43,44,With,"김태리, 남주혁, 보나(우주소녀), 최현욱, 이주명",2022.03.13,"33,094",스물다섯 스물하나 OST Part 7,"록/메탈, 국내드라마","언제부터 그랬던 건가요
상처투성이의 옷을 입고
여린 어깨 위로 힘겨울 만큼
큼지막한 짐을 지고서
우연히 내 앞에 다가온 날
서로의 작은 꿈을 얘기하며
조심스레 서로 마주보았던
그 순간을 기억하나요
이제 함께 걸어요
조금은 어색하겠지만
이제 혼자가 아니에요
무거운 짐들 같이 들어 줄게요
내 손을 꼭 잡아요
그리고 서로를 믿어요
그 누가 뭐라 해도 걱정 말아요
우리의 길을 가요
서로 다른 길을 걸어왔죠
그래서 걱정되는 것도 많죠
하지만 서로를 알아갈 일이
너무나도 기다려져요
이제 함께 걸어요
조금은 어색하겠지만
이제 혼자가 아니에요
무거운 짐들 같이 들어 줄게요
내 손을 꼭 잡아요
그리고 서로를 믿어요
그 누가 뭐라 해도 걱정 말아요
서두르지 않을 거예요
언제까지 기다릴 수 있어요
혼자가 아니에요
무거운 짐들 같이 들어 줄게요
내 손을 꼭 잡아요
마음껏 높이 날아 올라
유난히 반짝이는 저 별을 향해
함께 날아 가요",1
44,45,Celebrity,아이유,2021.03.25,"315,762",IU 5th Album 'LILAC',댄스,"세상의 모서리
구부정하게 커버린
골칫거리 outsider

걸음걸이, 옷차림,
이어폰 너머 play list
음악까지 다 minor

넌 모르지
떨군 고개 위
환한 빛 조명이
어딜 비추는지

느려도 좋으니
결국 알게 되길
The one and only
You are my celebrity

잊지마 넌 흐린 어둠 사이
왼손으로 그린 별 하나
보이니 그 유일함이 얼마나
아름다운지 말야
You are my celebrity

celebrity
You are my celebrity

지쳐버린 표정 마치
전원을 꺼놓은 듯이
심장소린 too quiet

네가 가진 반짝거림,
상상력, identity
까지 모조리 diet

넌 모르지
아직 못다 핀
널 위해 쓰여진
오래된 사랑시

헤매도 좋으니
웃음 짓게 되길
The one and only
You are my celebrity

잊지마 넌 흐린 어둠 사이
왼손으로 그린 별 하나
보이니 그 유일함이 얼마나
아름다운지 말야
You are my celebrity

발자국마다 이어진 별자리
그 서투른 걸음이 새겨놓은 밑그림
오롯이 너를 만나러 가는 길
그리로 가면 돼 점선을 따라

잊지마 이 오랜 겨울 사이
언 틈으로 피울 꽃 하나
보이니 하루 뒤 봄이 얼마나
아름다울지 말야
You are my celebrity

celebrity
You are my celebrity",1
45,46,벚꽃 엔딩,버스커 버스커,2012.03.29,"374,810",버스커 버스커 1집,록/메탈,"그대여 그대여 그대여
그대여 그대여
오늘은 우리 같이 걸어요 이 거리를
밤에 들려오는 자장노래 어떤가요
오예
몰랐던 그대와 단 둘이 손 잡고
알 수 없는 이 떨림과 둘이 걸어요
봄바람 휘날리며
흩날리는 벚꽃 잎이
울려 퍼질 이 거리를
우우 둘이 걸어요
봄바람 휘날리며
흩날리는 벚꽃 잎이
울려 퍼질 이 거리를
우우 둘이 걸어요
오예
그대여 우리 이제 손 잡아요
이 거리에 마침 들려오는
사랑 노래 어떤가요
오예
사랑하는 그대와 단 둘이 손잡고
알 수 없는 이 거리를 둘이 걸어요
봄바람 휘날리며
흩날리는 벚꽃 잎이
울려 퍼질 이 거리를
우우 둘이 걸어요
봄바람 휘날리며
흩날리는 벚꽃 잎이
울려 퍼질 이 거리를
우우 둘이 걸어요
바람 불면 울렁이는 기분 탓에
나도 모르게
바람 불면 저편에서 그대여
니 모습이 자꾸 겹쳐
오 또 울렁이는 기분 탓에
나도 모르게
바람 불면 저편에서 그대여
니 모습이 자꾸 겹쳐
사랑하는 연인들이 많군요
알 수 없는 친구들이 많아요
흩날리는 벚꽃 잎이 많군요 좋아요
봄바람 휘날리며
흩날리는 벚꽃 잎이
울려 퍼질 이 거리를
우우 둘이 걸어요
봄바람 휘날리며
흩날리는 벚꽃 잎이
울려 퍼질 이 거리를
우우 둘이 걸어요
그대여 그대여 그대여
그대여 그대여",1
46,47,Blueming,아이유,2019.11.18,"332,677",Love poem,록/메탈,"‘뭐해?‘라는 두 글자에
‘네가 보고 싶어’ 나의 속마음을 담아 우
이모티콘 하나하나 속에
달라지는 내 미묘한 심리를 알까 우

아니 바쁘지 않아 nothing no no
잠들어 있지 않아 insomnia nia nia
지금 다른 사람과 함께이지 않아
응, 나도 너를 생각 중

우리의 네모 칸은 bloom
엄지손가락으로 장미꽃을 피워
향기에 취할 것 같아 우
오직 둘만의 비밀의 정원

I feel bloom I feel bloom I feel bloom
너에게 한 송이를 더 보내

밤샘 작업으로 업데이트
흥미로운 이 작품의 지은이 that’s me 우
어쩜 이 관계의 클라이맥스
2막으로 넘어가기엔 지금이 good timing 우

같은 맘인 걸 알아 realize la lize
말을 고르지 말아 just reply la la ly
조금 장난스러운 나의 은유에
네 해석이 궁금해

우리의 색은 gray and blue
엄지손가락으로 말풍선을 띄워
금세 터질 것 같아 우
호흡이 가빠져 어지러워

I feel blue. I feel blue. I feel blue.
너에게 가득히 채워

띄어쓰기없이보낼게사랑인것같애
백만송이장미꽃을, 나랑피워볼래?
꽃잎의 색은 우리 마음 가는 대로 칠해
시들 때도 예쁘게

우리의 네모 칸은 bloom
엄지손가락으로 장미꽃을 피워
향기에 취할 것 같아 우
오직 둘만의 비밀의 정원

I feel bloom I feel bloom I feel bloom
너에게 한 송이를 더 보내",2
47,48,찰나가 영원이 될 때 (The Eternal Moment),마크툽 (MAKTUB),2021.09.19,"54,370",Red Moon : Beyond The Light,"R&B/Soul, 인디음악","서로를 향한 마음이
우주의 작은 뭉쳐짐이라면
이 아름다운 기억이 흩어져도
사라지진 않을 거야
잠들지 못한 바람은
고요히 빛나는 너의 바다로
그 안에 잠겨
죽어도 좋으니 나
네 품에 안겨
너의 이름이 긴 밤을 지나
찰나가 영원이 될 때
얼마나 내가 널 좋아하면
달에 네 목소리가 보여
오색 빛 하늘 별 숲 사이로
너라는 꽃이 피어나
그 세상의 반을 가진다 해도
그저 네 앞에선
꽃에 머물고픈
한 남자일 뿐
오롯이 나를 비춰요
어둠이 드리워도 눈이 부시게
눈물조차
반짝이는 밤의 기적을 노래하네
너의 이름이 긴 밤을 지나
찰나가 영원이 될 때
얼마나 내가 널 좋아하면
달에 네 목소리가 보여
오색 빛 하늘 별 숲 사이로
너라는 꽃이 피어나
그 세상의 반을 가진다 해도
그저 네 앞에선
꽃에 머물고픈 남자일 뿐
밤 하늘 수놓인 모든 것들이
운명 위로 내리는 걸
내 꿈에 안긴 널
한 번 더 가득히 안아
시간을 넘어
빛이 닿는 세계의 바깥까지 함께
너의 깊은 미소의
황홀 속 일렁임은
영원과 이어질 거야
얼마나 내가 널 원하는지
눈을 감아도 너와 마주쳐
쏟아지는 달빛의 선율을 따라
자유의 날개로 향하는 봄날엔
너의 유일한 숨결이 분다",2
48,49,"사이렌 Remix (Feat. UNEDUCATED KID, Paul Blanco)",호미들,2021.03.20,"136,636",사이렌 Remix,랩/힙합,"울려댔어 사이렌
텅 빈 길거리엔
도망치다 흘린 칼자루와 피가 흥건해
우리 그때 어릴땐
뭘 몰랐었지 man
그냥 힘쎈 형이 제일로 멋졌었지 그땐
그래 우린 살아나왔어 지옥
이제 어딜가든 다 비옥
수도 없이 맛본 치욕
어릴때부터 입에 붙은 쌍욕
절대 할 수 없었지 신고
할 수 있는게 오직 기도
어떻게 느끼겠어 피곤
붉게 물들지 않을려 내 흰옷
침대가 없어서 엄마랑 잤어
매일 밤마다 우는 소리가 들려
난 대체 뭘 해야 되는지 몰라서
그냥 계속했어 자는 척
떨면서 BBQ 치킨을 시켰어
엄마는 우리를 속였어
고작 15000원 때문에
엄마 내가 돈 어떻게든 벌어올게
이제 남몰래 눈물 흘리지 않아도 돼
내 몸 하나 불살라서라도 꺼내줄게
난 그 모습 다시 실눈 뜨고 볼 순 없기에
울려댔어 사이렌
텅 빈 길거리엔
도망치다 흘린 칼자루와 피가 흥건해
우리 그때 어릴땐
뭘 몰랐었지 man
그냥 힘쎈 형이 제일로 멋졌었지 그땐
그래 우린 살아나왔어 지옥
이제 어딜가든 다 비옥
수도 없이 맛본 치욕
어릴때부터 입에 붙은 쌍욕
절대 할 수 없었지 신고
할 수 있는게 오직 기도
어떻게 느끼겠어 피곤
붉게 물들지 않을려 내 흰옷
여기서 더 있다간 감방이 내 방
종신형이 친구 책가방 안에
어린 내가 짝사랑하던 그 여잔
이 block에서 지금 몸 팔아
새꺄 this real life
김치 냄새 땜에 놀려대길래
도시락통을 닫아
That’s real life
그런 날 보고 지 점심을 나눠준
꼬마가 있었어
That’s real life
어느 날 관 속에
그 친구의 얼굴을 만지게 됐어
That’s
울려댔어 사이렌
텅 빈 길거리엔
도망치다 흘린 칼자루와 피가 흥건해
우리 그때 어릴땐
뭘 몰랐었지 man
그냥 힘쎈 형이 제일로 멋졌었지 그땐
그래 우린 살아나왔어 지옥
이제 어딜가든 다 비옥
수도 없이 맛본 치욕
어릴때부터 입에 붙은 쌍욕
절대 할 수 없었지 신고
할 수 있는게 오직 기도
어떻게 느끼겠어 피곤
붉게 물들지 않을려 내 흰옷",2
49,50,"아주, 천천히",비비 (BIBI),2022.02.20,"25,984",스물다섯 스물하나 OST Part 3,"발라드, 국내드라마","눈빛만으로 알 수가 있지
어떤 세상을 살아왔는지
처음 내민 너의 따뜻한 손길에
내 마음이 전부 녹아내
우린 서로 앞을 주저하고
현실 속에 무너져 가던
이런 나를 잊어가게 해
I'm telling the truth
너에게 가는 중
이젠 나를 봐줘
내가 다가갈게 천천히
아주 천천히
손짓만으로 알 수가 있지
너가 얼마나 착한 애인지
우리가 지나왔던 시간들이
이제야 날 버티게 해
우린 서로 앞을 주저하고
현실 속에 무너져 가던
이런 나를 잊어가게 해
I'm telling the truth
너에게 가는 중
이젠 나를 봐줘
내가 다가갈게 천천히
아주 천천히",0
50,51,Real Love,오마이걸 (OH MY GIRL),2022.03.28,"21,488",Real Love,댄스,"우린 이 음악을 빌려
이 분위기를 빌려
지금 이 공기 이건 마치
7시간 비행 뒤 만난 것 같은 섬
pink빛 하늘을 빌려
Talkin' 'bout the real love

낯선 과일 향기가 퍼져
이 기분은 뭘까
아주 살짝 감긴 나의 눈이 빛나고 있잖아
사랑을 말하기 이보다 완벽한 밤은 없어
지금이야

우린 이 음악을 빌려
이 분위기를 빌려
지금 이 공기 이건 마치
7시간 비행 뒤 만난 것 같은 섬
pink빛 하늘을 빌려
Talkin' 'bout the real love

웅성거린 소리는 모두
다른 외국어 같아
너에게 1, 2, 3 최면처럼 막 빠져드는 이 순간
사랑을 말하기 이보다 완벽한 밤은 없어
지금이야

우린 이 음악을 빌려
이 분위기를 빌려
지금 이 공기 이건 마치
7시간 비행 뒤 만난 것 같은 섬
pink빛 하늘을 빌려
Talkin' 'bout the real love

Real, real love
It’s a Real, real love
Real, real love
It’s a Real, real love
이건 exotic experience
우연이라기엔 영화 속 한 장면 같아 솔직히 이 모든 게
자꾸만 느려져 천천히 가는 이 느낌
감각은 so unreal, real love

우린 이 음악을 빌려
이 분위기를 빌려
지금 이 공기 이건 마치
7시간 비행 뒤 만난 것 같은 섬의
pink빛 하늘을 빌려
Talkin' 'bout the real love",0
51,52,Permission to Dance,방탄소년단,2021.07.09,"199,159",Butter / Permission to Dance,댄스,"It’s the thought of being young
When your heart’s just like a drum
Beating louder with no way to guard it
When it all seems like it’s wrong
Just sing along to Elton John
And to that feeling, we’re just getting started

When the nights get colder
And the rhythms got you falling behind
Just dream about that moment
When you look yourself right in the eye, eye, eye
Then you say

I wanna dance
The music’s got me going
Ain’t nothing that can stop how we move yeah
Let’s break our plans
And live just like we’re golden
And roll in like we’re dancing fools

We don’t need to worry
‘Cause when we fall we know how to land
Don’t need to talk the talk, just walk the walk tonight
‘Cause we don’t need permission to dance

There’s always something that’s standing in the way
But if you don’t let it faze ya
You’ll know just how to break
Just keep the right vibe yeah
‘Cause there’s no looking back
There ain’t no one to prove
We don’t got this on lock yeah

The wait is over
The time is now so let’s do it right
Yeah we’ll keep going
And stay up until we see the sunrise
And we’ll say

I wanna dance
The music’s got me going
Ain’t nothing that can stop how we move yeah
Let’s break our plans
And live just like we’re golden
And roll in like we’re dancing fools

We don’t need to worry
‘Cause when we fall we know how to land
Don’t need to talk the talk, just walk the walk tonight
‘Cause we don’t need permission to dance

Da na na na na na na
Da na na na na na na
Da na na na na na na
No, we don’t need permission to dance

Da na na na na na na
Da na na na na na na
Da na na na na na na

Well let me show ya
That we can keep the fire alive
‘Cause it’s not over
Till it’s over say it one more time
Say

I wanna dance
The music’s got me going
Ain’t nothing that can stop how we move yeah
Let’s break our plans
And live just like we’re golden
And roll in like we’re dancing fools

We don’t need to worry
‘Cause when we fall we know how to land
Don’t need to talk the talk, just walk the walk tonight
‘Cause we don’t need permission to dance",1
52,53,봄날,방탄소년단,2017.02.13,"556,644",YOU NEVER WALK ALONE,랩/힙합,"보고 싶다
이렇게 말하니까 더 보고 싶다
너희 사진을 보고 있어도
보고 싶다
너무 야속한 시간
나는 우리가 밉다
이젠 얼굴 한번 보는 것 조차
힘들어진 우리가
여긴 온통 겨울 뿐이야
8월에도 겨울이 와
마음은 시간을 달려가네
홀로 남은 설국열차
니 손 잡고 지구 반대편까지 가
겨울을 끝내고파
그리움들이 얼마나
눈처럼 내려야 그 봄날이 올까
Friend
허공을 떠도는
작은 먼지처럼 작은 먼지처럼
날리는 눈이 나라면
조금 더 빨리
네게 닿을 수 있을 텐데
눈꽃이 떨어져요
또 조금씩 멀어져요
보고 싶다 보고 싶다
보고 싶다 보고 싶다
얼마나 기다려야
또 몇 밤을 더 새워야
널 보게 될까 널 보게 될까
만나게 될까 만나게 될까
추운 겨울 끝을 지나
다시 봄날이 올 때까지
꽃 피울 때까지
그곳에 좀 더 머물러줘
머물러줘
니가 변한 건지
니가 변한 건지
아니면 내가 변한 건지
내가 변한 건지
이 순간 흐르는 시간조차 미워
우리가 변한 거지 뭐
모두가 그런 거지 뭐
그래 밉다 니가 넌 떠났지만
단 하루도 너를
잊은 적이 없었지 난
솔직히 보고 싶은데
이만 너를 지울게
그게 널 원망하기보단
덜 아프니까
시린 널 불어내 본다
연기처럼 하얀 연기처럼
말로는 지운다 해도
사실 난 아직 널 보내지 못하는데
눈꽃이 떨어져요
또 조금씩 멀어져요
보고 싶다 보고 싶다
보고 싶다 보고 싶다
얼마나 기다려야
또 몇 밤을 더 새워야
널 보게 될까 널 보게 될까
만나게 될까 만나게 될까
You know it all
You're my best friend
아침은 다시 올 거야
어떤 어둠도 어떤 계절도
영원할 순 없으니까
벚꽃이 피나봐요
이 겨울도 끝이 나요
보고 싶다 보고 싶다
보고 싶다 보고 싶다
조금만 기다리면
며칠 밤만 더 새우면
만나러 갈게 만나러 갈게
데리러 갈게 데리러 갈게
추운 겨울 끝을 지나
다시 봄날이 올 때까지
꽃 피울 때까지
그곳에 좀 더 머물러줘
머물러줘",1
53,54,그녀를 찾아주세요,윤민수(바이브),2022.04.03,"3,596",그녀를 찾아주세요,발라드,"안녕 안녕 안녕
사랑한 그녀가 보내 달라 하네요
안녕 안녕 안녕 밤하늘 별들아
그녀 가는 길 비춰주길 Good bye
하나만 알려주세요
어디에 살고 있을지
몇 년쯤이야
지금의 눈물쯤은 참을 수 있겠죠
시간이 흘러간 데도
십 년이 지나간 데도
그때도 사랑이면 난 어떡합니까
어디서 그녀를 찾아야 합니까
안녕 안녕 안녕
돌아선 그녀가 멀어져만 가네요
안녕 안녕 안녕 부탁해 빗물아
그녀 눈물을 씻겨
하나만 알려주세요
어디에 살고 있을지
몇 년쯤이야
지금의 눈물쯤은 참을 수 있겠죠
시간이 흘러간 데도
십 년이 지나간 데도
그때도 사랑이면 난 어떡합니까
어디서 그녀를 찾아야 합니까
들어줘요 내 사랑을
도와줘요 누구든지
알고 있다면
그 누구라도 데려다줘요
How do I live
하나만 전해주세요
그녀와 마주친다면 적어도 한땐
그녀의 전부였던 나의 그 이름을
그녀도 기억한다면
그녀도 울고 있다면
그리움 하나라도 꼭 남아있다면
내가 갈게요 날 기다려줘요
그녀를 꼭 찾아주세요",1
54,55,내 손을 잡아,아이유,2011.05.25,"184,714",최고의 사랑 OST Part.4,"발라드, 국내드라마","느낌이 오잖아

떨리고 있잖아

언제까지 눈치만 볼 거니

네 맘을 말해봐

딴청 피우지 말란 말이야

네 맘 가는 그대로

지금 내 손을 잡아

어서 내 손을 잡아

우연히 고개를 돌릴 때 마다

눈이 마주치는 건

며칠 밤 내내 꿈속에 나타나

밤새 나를 괴롭히는 건

그 많은 빈자리 중에서 하필

내 옆자릴 고르는 건

나도 모르게 어느새 실없는 웃음

흘리고 있다는 건

그럼 말 다했지 뭐

우리 얘기 좀 할까

느낌이 오잖아 떨리고 있잖아

언제까지 눈치만 볼 거니

네 맘을 말해봐

딴청 피우지 말란 말이야

네 맘 가는 그대로

지금 내 손을 잡아

핸드폰 진동에

심장이 덜컥내려 앉는다는 건

오 나도 모르게

어느새 짓궂은 네 말투

자꾸 듣고 싶은걸

어떡해

저기 멀리 걸어온다

눈이 마주친다

언제까지 넌 모른척 할거니

사랑이 온거야 너와 나 말이야

네가 좋아 정말 못 견딜 만큼

그거면 된거야

더는 생각하지 말란 말이야

네 맘 가는 그대로

느낌이 오잖아 떨리고 있잖아

언제까지 눈치만 볼 거니

네 맘을 말해봐

딴청 피우지 말란 말이야

네 맘 가는 그대로

지금 내 손을 잡아

그냥 내 손을 잡아

지금 내 손을 잡아",1
55,56,"스물다섯, 스물하나",자우림,2013.10.14,"165,081","Goodbye, grief.",록/메탈,"바람에 날려 꽃이 지는 계절엔
아직도 너의 손을 잡은 듯 그런 듯 해
그때는 아직 꽃이 아름다운 걸
지금처럼 사무치게 알지 못했어
우 너의 향기가 바람에 실려 오네
우 영원할 줄 알았던
스물다섯 스물하나
그 날의 바다는 퍽 다정했었지
아직도 나의 손에 잡힐 듯 그런 듯 해
부서지는 햇살 속에 너와 내가 있어
가슴 시리도록 행복한 꿈을 꾸었지
우 그날의 노래가 바람에 실려 오네
우 영원할 줄 알았던
지난날의 너와 나
너의 목소리도 너의 눈동자도
애틋하던 너의 체온마저도
기억해내면 할수록 멀어져 가는데
흩어지는 널 붙잡을 수 없어
바람에 날려 꽃이 지는 계절엔
아직도 너의 손을 잡은 듯 그런 듯 해
그때는 아직 네가 아름다운 걸
지금처럼 사무치게 알지 못했어
우 너의 향기가 바람에 실려 오네
우 영원할 줄 알았던
스물다섯 스물하나
우 그날의 노래가 바람에 실려 오네
우 영원할 줄 알았던
지난날의 너와 나
우
우
우 영원할 줄 알았던
스물다섯 스물하나
스물다섯 스물하나",2
56,57,벚꽃이 피면 우리 그만 헤어져,벤,2022.03.22,"9,586",벚꽃이 피면 우리 그만 헤어져,발라드,"겨울에 하는 이별은
기억이 눈처럼 녹을까
가을에 하는 이별은
추억에 물들어버릴까
여름에 보내주기엔 눈물이
비처럼 쏟아질까 봐
많이 사랑했지만 많이 그립겠지만
너무 아프고 아프고 아픈 이 계절에
벚꽃이 피면 우리 그만 헤어져
벚꽃이 피면 우리 그만 헤어져
흩날리는 추억이
아름다워도 아른거려도
가슴 아파도 이제
벚꽃이 지면 그때 나를 잊어줘
저 떨어지는 꽃잎처럼 잊어줘
봄바람에 바람에 바람에
너를 보낼게 너를
눈부시게 아름다워도 아른거려도
가슴 아파도 이제
벚꽃이 피면 헤어져
계절은 돌아오지만
우리는 멀어지겠지
꽃은 다시 피겠지만
추억은 시들어가겠지
하얗게 물든 거리에
너와 난 더는 어울리지 않아
믿기 힘들겠지만 이해 못하겠지만
너무 아프고 아프고 아픈 이 계절에
벚꽃이 피면 우리 그만 헤어져
벚꽃이 피면 우리 그만 헤어져
흩날리는 추억이
아름다워도 아른거려도
가슴 아파도 이제
벚꽃이 지면 그때 나를 잊어줘
저 떨어지는 꽃잎처럼 잊어줘
봄바람에 바람에 바람에
너를 보낼게 너를
눈부시게 아름다워도 아른거려도
가슴 아파도 이제
벚꽃이 피면 헤어져
너를 안아봐도 따뜻하지 않아
너를 예전만큼 사랑하지 않아
날 미워해도 괜찮아
난 봄이 오면 네가 생각나겠지
벚꽃이 피면 다시 생각나겠지
너와 나의 계절이
그리워져도 외로워져도
보고 싶어도 이제
짧게 피고 지는 이 봄처럼 사라질 그 말
사랑해 사랑해 사랑해 너를 미안해 너무
눈부시게 아름다워도 아른거려도
가슴 아파도 이제
벚꽃이 피면 헤어져",2
57,58,내가 아니라도,주호,2022.03.25,"9,434",내가 아니라도,발라드,"사랑이었다 별거 없던 내 하루에
빛이 돼준 단한 사람
나보다 나를 더 아껴 주던 너를
그땐 왜 몰랐을까
행복이었다 다시는 없을 것 같던
잠시나마 행복했었다
다른 사람 곁에 있는 널
생각해 본 적 없지만
이젠 너를 보내줘야 할 것 같아
내가 아니라도
눈부시게 사랑받았을 너라서
그 소중한 시간을 나와 함께해 줘서
고마웠어
예쁘고 아름다웠던 너의 그날에
함께했던 그 모든 순간이 행복했어
내 전부였다 무엇도 바꿀 수 없던
우리라서 행복했었다
다른 누구라도
나보다 더 좋은 사람 만나서
이젠 나를 잊고 행복하게 살아
내가 아니라도
눈부시게 사랑받았을 너라서
그 소중한 시간을 나와 함께해 줘서
고마웠어
예쁘고 아름다웠던 너의 그날에
함께했던 그 모든 순간이 행복했어
어두웠던 내 하루에
빛이 되어주던 그날들을
어떻게 잊고 살아
과분했던 너라는 사람을 만나
누구보다 사랑했었다
내가 아니었다면
눈부시게 사랑받았을 너란 걸
이 세상에 누구보다 더 잘 알아서
미안했어 너와 함께한 날들이
더 말할 게 있을까
행복한 기억만 가져갈게",1
58,59,겨울잠,아이유,2021.12.29,"100,228",조각집,발라드,"때 이른 봄 몇 송이 꺾어다
너의 방 문 앞에 두었어
긴 잠 실컷 자고 나오면
그때쯤엔 예쁘게 피어 있겠다

별 띄운 여름 한 컵 따라다
너의 머리맡에 두었어
금세 다 녹아버릴 텐데
너는 아직 혼자 쉬고 싶은가 봐

너 없이 보는 첫 봄이 여름이
괜히 왜 이렇게 예쁘니
다 가기 전에 널 보여줘야 하는데
음 꼭 봐야 하는데

내게 기대어 조각잠을 자던
그 모습 그대로 잠들었구나
무슨 꿈을 꾸니
깨어나면 이야기해 줄 거지
언제나의 아침처럼 음

빼곡한 가을 한 장 접어다
너의 우체통에 넣었어
가장 좋았던 문장 아래 밑줄 그어
나 만나면 읽어줄래

새하얀 겨울 한 숨 속에다
나의 혼잣말을 담았어
줄곧 잘 참아내다가도
가끔은 철없이 보고 싶어

새삼 차가운 연말의 공기가
뼈 틈 사이사이 시려와
움츠려 있을 너의 그 마른 어깨를
꼭 안아줘야 하는데

내게 기대어 조각잠을 자던
그 모습 그대로 잠들었구나
무슨 꿈을 꾸니
깨어나면 이야기해 줄 거지
언제나의 아침처럼 음",1
59,60,서랍,10CM,2021.12.07,"51,700",그 해 우리는 OST Part.1,"발라드, 국내드라마","어린 햇살 아래서
뛰어놀곤 했었던
가쁜 숨결
굽이진 골목 지나
길을 따라가보면
같은 기억
어른이란 시간은
아직 어색하게도
나를 채워
많은 게 변했다 해
여긴 그대로인걸
You’ll feel the same
땀에 젖어 놀았던
우리는 너와 난 이젠
돌아갈 순 없지만
낡아진 서랍 속에서
작았던 서롤 기억해
When I’m far from home
Always 떠올라 난 아직도
반짝이던 네 두 눈
마주 보던 그림자
마주 보던 우리는
여기 still same
시간은 언제나 날
울리는 존재지만
놓질 못해
많은 게 더 지날 땐
여긴 또 하나의
Our home
그땐 우린 어딜까
낡아진 서랍 속에서
작았던 서롤 기억해
When I’m far from home
Always 떠올라 난 아직도
반짝이던 네 두 눈
혼자서 숨겼던
널 향한 마음은
알게 하진 않을 거야
널 볼 수 있다면 그걸로 충분해
담을게 두 눈에 언제든 항상
낡아진 서랍 속에서
작았던 서롤 기억해
When I’m far from home
Always 떠올라 난 아직도
반짝이던 네 두 눈",1
60,61,Bad Habits,Ed Sheeran,2021.08.19,"106,305",0,POP,"Every time you come around
you know I can’t say no
Every time the sun goes down
I let you take control
I can feel the paradise
before my world implodes
and tonight had something wonderful
My bad habits lead to late nights
ending alone
Conversations with a stranger
I barely know
Swearing this will be the last
but it probably won’t
I’ve got nothing left to lose
or use or do
My bad habits to lead to
wide eyes stare into space
And I know I lose control
of the things that I say
I was looking for a way out
now I can’t escape
Nothing happens after two
It’s true it’s true
My bad habits lead to you
My bad habits lead to you
Every pure intention ends
when the good times start
Falling over everything to
reach the first times spark
Started under neon lights
then it all got dark
I only know how to go too far
My bad habits lead to late nights
ending alone
Conversations with a stranger
I barely know
Swearing this will be the last
but it probably won’t
I’ve got nothing left to lose
or use or do
My bad habits to lead to
wide eyes stare into space
And I know I lose control
of the things that I say
I was looking for a way out
now I can’t escape
Nothing happens after two
It’s true it’s true
My bad habits lead to you
My bad habits lead to you
We took the long way round
And burned til the fun ran out now
My bad habits lead to late nights
ending alone
Conversations with a stranger
I barely know
Swearing this will be the last
but it probably won’t
I’ve got nothing left to lose
or use or do
My bad habits to lead to wide eyes
stare into space
And I know I lose control
of the things that I say
I was looking for a way out
now I can’t escape
Nothing happens after two
It’s true it’s true
My bad habits lead to you
My bad habits lead to you
My bad habits lead to you",1
61,62,밤하늘의 별을(2020),경서,2020.11.14,"184,349",밤하늘의 별을(2020),발라드,"밤하늘의 별을 따서 너에게 줄래
너는 내가 사랑하니까
더 소중하니까
오직 너 아니면 안 된다고
외치고 싶어 그저
내 곁에만 있어줘
떠나지 말아줘
참 많이 어색했었죠 널 처음 만난 날
멀리서 좋아하다가 들킨 사람처럼
숨이 가득 차올라서
아무 말 하지 못했는데
너는 말 없이 웃으며 내 손 잡아줬죠
밤하늘의 별을 따서 너에게 줄래
너는 내가 사랑하니까
더 소중하니까
오직 너 아니면 안 된다고
외치고 싶어
그저 내 곁에만 있어줘
떠나지 말아줘
널 좋아하는 내 마음이 표현이 안 돼
꿈이 아니면 좋겠어 자꾸 웃음 나와
내 모든 걸 다 준대도
너에겐 아깝질 않아
이 순간이 영원하길 난 정말 행복해
밤하늘의 별을 따서 너에게 줄래
너는 내가 사랑하니까
더 소중하니까
오직 너 아니면 안 된다고
외치고 싶어
그저 내 곁에만 있어줘
떠나지 말아줘
그저 내 곁에만 있어줘
떠나지 말아줘
많고 많은 사람 중에
너를 만나서 행복하고 싶어
두 번 다시 울지 않을래
오직 내 눈에는 너만 보여
나를 아껴줘 이제부터
혼자가 아니야 우린 함께니까
나나나 난난 난난나
나나나 난난 난난나
나 나나나 난난 난난나 나나난나
나나나 난난 난난나
나나나 난난 난난나
나 나나나 난난 난난나 나나난나",1
62,63,문득,BE'O (비오),2021.05.02,"93,688",Bipolar,랩/힙합,"배가 고파서
밥을 차렸는데
문득 네가 앉아서
내 앞에서 웃어서
멍을 때리다가
정신 차렸는데
문득 바보 같아서
식은 밥이 남아서
배고파
나의 밤이 바뀐 건
살이 많이 빠진 건
네가 문득 와서잖아
I want you to stop coming
욕도 했지 나쁜X
근데 네가 다칠까
다시 문득 멈추잖아
밖에 나가서
주문을 했는데
문득 네가 앉아서
네 음식을 골라서
멍을 때리다가
전부 시켰는데
문득 바보 같아서
너무 많이 남아서
배고파
나의 밤이 바뀐 건
살이 많이 빠진 건
네가 문득 와서잖아
I want you to stop coming
욕도 했지 나쁜X
근데 네가 다칠까
다시 문득 멈추잖아
문득
문득
문득
문득
네가 생각나
네가 떠올라
문득
문득
문득
문득
네가 생각나
네가 떠올라
Bad girl
지금 쓰는 어린 이 곡이
최선이란 말로는 변명이 안 되니까
취해서라고 믿고 다음 곡 넘겨줄래
대뜸 매번 나타나지 마
어쨌든
나는 진심이긴 했나 봐
곡은 잘 나왔는데 너 생각나니까
짜증 나게 기분이 또 오르내리락
네 향기들 좀 데려가
1년째 계속 나니까
네가 고파서
너를 찾았는데
문득 네가 없어서
모든 게 다 무서워서
방 안에 숨었다가
잊었나 했는데
문득 많이 맡아 본
네 향기가 또 나서
잊고파
나의 밤이 바뀐 건
살이 많이 빠진 건
네가 문득 와서잖아
I want you to stop coming
욕도 했지 나쁜X
근데 네가 다칠까
다시 문득 멈추잖아",1
63,64,봄 사랑 벚꽃 말고,"HIGH4 (하이포), 아이유",2014.04.08,"219,772",봄 사랑 벚꽃 말고,발라드,"길었던 겨우내 줄곧 품이 좀 남는
밤색 코트
그 속에 나를 쏙 감추고 걸음을
재촉해 걸었어
그런데 사람들 말이 너만 아직도
왜 그러니
그제서야 둘러보니 어느새 봄이
손 잡고 걸을 사람 하나 없는 내게
달콤한 봄바람이 너무해
나만 빼고 다 사랑에 빠져
봄노래를 부르고
꽃잎이 피어나 눈 앞에 살랑거려도
난 다른 얘기가 듣고 싶어
한바탕 휩쓸고 지나가버릴
오오 봄 사랑 벚꽃 말고
봄 사랑 벚꽃 말고
봄 사랑 벚꽃 말고
봄 사랑 벚꽃 말고
손에 닿지도 않을 말로
날 꿈틀거리게 하지 말어
맘 먹고 밖에 나가도
막상 뭐 별 거 있나
손 잡고 걸을 사람 하나 없는 내게
오 사랑노래들이 너무해
나만 빼고 다 사랑에 빠져
봄노래를 부르고
꽃잎이 피어나 눈 앞에 살랑거려도
난 다른 얘기가 듣고 싶어
한바탕 휩쓸고 지나가버릴
오오 봄 사랑 벚꽃 말고
남들보다 절실한 사랑 노래 가사를
불러 봐
수많은 연인들 가운데 왜 나는
혼자만
똑같은 거리와 어제와 같은 옷차림
난 제자린데 왜 세상은 변한 것만
같지
누군가와 봄길을 거닐고 할 필욘
없지만
누구나 한번쯤은 머물고 싶은 그런
기억을
만들고 싶어 떨어지는 벚꽃잎도
엔딩이 아닌 봄의 시작이듯
사실은 요즘 옛날 생각이 나
걷기만 해도 그리워지니까
다시 느낄 수 있나 궁금해지지만
Then you know what
나만 빼고 다 사랑에 빠져
봄노래를 부르고
꽃잎이 피어나 눈 앞에 살랑거려도
난 다른 얘기가 듣고 싶어
한바탕 휩쓸고 지나가버릴
오오 봄 사랑 벚꽃 말고
봄 사랑 벚꽃 말고
봄 사랑 벚꽃 말고
봄 사랑 벚꽃 말고
봄 사랑 벚꽃 말고",1
64,65,헤픈 우연,헤이즈 (Heize),2021.05.20,"172,242",HAPPEN,R&B/Soul,"처음이라기엔 너무
길을 이미 다 아는 듯이
우연히라기엔 모두
다 정해진 듯이

우연히 눈을 떠 보니
이 세상에 태어나 있었고
하필 네가 있는 곳이었다
서서히 몸에 배어버린
사소한 습관들이
네게로 가는 길을
내게 알려줘

처음이라기엔 너무
길을 이미 다 아는 듯이
우연히라기엔 모두
다 정해진 듯이

고통의 사랑도
보통의 이별도
You can make it happen
You can make it heaven
우연히라기엔 모두
다 정해진 듯이

만약 내가 그때 그곳을
헤매지 않았더라면
그날 네가 마음 아픈
이별을 안 했었더라면
네 뒤를 따라 걷던 곳
네가 떨어트렸던 꽃
위태롭던 시간 속
서로를 기다려왔어
운명이라고 하기엔
이를 수 있다 생각해
우연히라고 하기엔
설명이 필요한 것 같아
어쩌면 또 스칠 수 있을지 몰라도
지금이 아니면 안 될 것 같던 그 때로

처음이라기엔 너무
길을 이미 다 아는 듯이
우연히라기엔 모두
다 정해진 듯이

고통의 사랑도
보통의 이별도
You can make it happen
You can make it heaven
우연히라기엔 모두
다 정해진 듯이

어쩌면 기억을 지운 채로
하나였던 우린 둘이 되고
운명이란 작은 점 안에서
서로를 찾으며 살았는지도

고통의 사랑도
보통의 이별도
You can make it happen
You can make it heaven
우연히라기엔 모두
다 정해진 듯이

우연히
서서히
점점
더 멀어져가
우연히
천천히
처음
그곳으로 가",1
65,66,고백,멜로망스,2021.08.29,"72,759",세 번째 '고백',"발라드, 인디음악","달이 차고 내 마음도 차고
이대로 담아 두기엔
너무 안타까워
너를 향해 가는데
달은 내게 오라 손짓하고
귓속에 얘길 하네
지금 이 순간이
바로 그 순간이야
제일 마음에 드는 옷을 입고
노란 꽃 한 송이를 손에 들고
널 바라 보다 그만
나도 모르게 웃어버렸네
이게 아닌데
내 마음은 이게 아닌데
널 위해 준비한 오백 가지
멋진 말이 남았는데
사랑한다는
그 흔한 말이 아니야
그 보단 더욱더 로맨틱하고
달콤한 말을 준비했단 말야
숨이 차고 밤 공기도 차고
두 눈을 감아야만
네 모습이 보여
걸을 수가 없는데
구름 위를 걷는다는 말이
과장이 아니란 걸 알게 됐어
널 알게 된 후부터 나의 모든 건
다 달라졌어
이게 아닌데
내 마음은 이게 아닌데
널 위해 준비한 오백 가지
멋진 말이 남았는데
사랑한다는 그 흔한 말이 아니야
그 보단 더욱더 로맨틱하고
달콤한 말을 준비했단 말야
나를 봐줘요 내 말을 들어봐 줘요
아무리 생각을 하고 또 해도
믿어지지 않을 만큼 사랑해",1
66,67,"모든 날, 모든 순간 (Every day, Every Moment)",폴킴,2018.03.20,"389,324",'키스 먼저 할까요?' OST Part.3,"발라드, 국내드라마","네가 없이 웃을 수 있을까
생각만 해도 눈물이나
힘든 시간 날 지켜준 사람
이제는 내가 그댈 지킬 테니
너의 품은 항상 따뜻했어
고단했던 나의 하루에
유일한 휴식처
나는 너 하나로 충분해
긴 말 안 해도 눈빛으로 다 아니깐
한 송이의 꽃이 피고 지는
모든 날 모든 순간 함께해
햇살처럼 빛나고 있었지
나를 보는 네 눈빛은
꿈이라고 해도 좋을 만큼
그 모든 순간은 눈부셨다
불안했던 나의 고된 삶에
한줄기 빛처럼 다가와
날 웃게 해준 너
나는 너 하나로 충분해
긴 말 안 해도 눈빛으로 다 아니깐
한 송이의 꽃이 피고 지는
모든 날 모든 순간 함께해
알 수 없는 미래지만
네 품속에 있는 지금 순간 순간이
영원 했으면 해
갈게 바람이 좋은 날에
햇살 눈부신 어떤 날에 너에게로
처음 내게 왔던 그날처럼
모든 날 모든 순간 함께해",1
67,68,Can't Control Myself,태연 (TAEYEON),2022.01.17,"64,486",Can't Control Myself,발라드,"Ah ah ah ah ah ah
Ah ah ah ah ah ah

키만 훌쩍 커버린
어른아이 같아
진심이 없는 네 말에
감당하지 못 할
감정을 택했잖아

그래 Too late
상처를 되돌리기엔
늦어버렸어

미쳤다 해도 뭐 어때
Ah ah ah ah
Cause I can’t control myself
Ah ah ah ah

네 앞에선 모든 게
잘 통제가 안 돼
다 터질 것만 같아
Cause I can’t control myself

반복되는 Bad days
비참해 바닥난 감정
헛돌기만 해 헐거운 반지처럼
상관없어 사랑이 다 이럴 텐데

미쳤다 해도 뭐 어때
Ah ah ah ah
Cause I can’t control myself
Ah ah ah ah

네 앞에선 모든 게
잘 통제가 안 돼
다 터질 것만 같아
Cause I can’t control myself

Ah ha ha ha
Feels like heaven feels like hell
Ah ha ha ha
그마저도 I don’t care
Ah 난 또다시 네게
되돌아갈 텐데

미쳤다 해도 뭐 어때
Ah ah ah ah
Cause I can’t control myself
Ah ah ah ah

네 앞에선 모든 게
잘 통제가 안 돼
다 터질 것만 같아
Cause I can’t control myself

Ah ah ah ah
Ah ah ah ah

네 앞에선 모든 게
잘 통제가 안 돼
다 터질 것만 같아
Cause I can’t control myself",1
68,69,꽃 (With 김민석 of 멜로망스),박봄 (Park Bom),2022.03.11,"14,133",꽃,발라드,"숨을 쉬는 너무나도
당연한 것들 마저도 힘이 들고
잠이 드는 하루에 끝이 오는
그 순간마저 멀게만 느껴지는
그런 날들이 요즘 내겐
하루가 멀다 하고 매일을 날 아프게 해
난 너를 보내고
내 전부인 널 떠나보내고
다 져버린 꽃처럼
부서져 흩어진 유리처럼
I don't have tomorrow
한없이 약해빠진 나라서
지금 내 모습은 어쩔 수가 없는
너무나도 약해빠진 나라서
외로워지는 그런날엔
잠시 네게 기대 한없이 울고싶은데
다시 돌아올거라고
금방 지나갈거라고
아무 말하지마 다 알고있어 난
하루 빨리 잊어볼게
그런 날들이 요즘 내겐
하루가 멀다 하고 매일을 날 아프게 해
난 너를 보내고
내 전부인 널 떠나보내고
다 져버린 꽃처럼
부서져 흩어진 유리처럼
I don't have tomorrow
한없이 약해빠진 나라서
지금 내 모습은 어쩔 수가 없는
너무나도 약해빠진 나라서
한없이 약해
내겐 너없는 날이
저물어가면
다시 그리워지면
그 어두운 밤이
달빛에 기대 내게 닿으면
이 맘이 전해 진다면
난 너를 보내고
내 전부인 널 떠나보내고
너를보내고
다 져버린 꽃처럼
부서져 흩어진 유리처럼
I don't have tomorrow
한없이 약해빠진 나라서
지금 내 모습은 어쩔 수가 없는
너무나도 약해빠진 나라서",2
69,70,낙하 (with 아이유),AKMU (악뮤),2021.07.26,"168,960",NEXT EPISODE,록/메탈,"말했잖아 언젠가
이런 날이 온다면
난 널 혼자
내버려두지 않을 거라고

죄다 낭떠러지야, 봐
예상했던 것보다
더 아플지도 모르지만

내 손을 잡으면
하늘을 나는 정도
그 이상도 느낄 수 있을 거야

눈 딱 감고 낙하- 하-
믿어 날 눈 딱 감고 낙하
눈 딱 감고 낙하- 하-
믿어 날 눈 딱 감고 낙하


초토화된 곳이든
뜨거운 불구덩이든
말했잖아 언젠가 그런 날에
나는 널 떠나지 않겠다고

죄다 낭떠러지야, 봐
예상했던 것보다
더 아플지도 모르지만

내 눈을 본다면
밤하늘의 별이 되는
기분을 느낄 수 있을 거야

셋 하면 뛰어 낙하- 하-
핫 둘 셋 숨 딱 참고 낙하
셋 하면 뛰어 낙하- 하-
핫 둘 셋 숨 딱 참고 낙하




Ooh show how we love
보여주자 웃을 준비를 끝낸 그들에게
아무것도 우리를 망가뜨리지 못해


눈 딱 감고 낙하- 하-
믿어 날 눈 딱 감고 낙하
셋 하면 뛰어 낙하- 하-
핫 둘 셋 숨 딱 참고 낙하",1
70,71,너의 모든 순간,성시경,2014.02.12,"198,444",별에서 온 그대 OST Part.7,"발라드, 국내드라마","이윽고 내가 한눈에
너를 알아봤을 때
모든 건 분명 달라지고 있었어
내 세상은 널 알기 전과 후로 나뉘어
니가 숨 쉬면 따스한 바람이 불어와
니가 웃으면 눈부신 햇살이 비춰
거기 있어줘서 그게 너라서
가끔 내 어깨에 가만히 기대주어서
나는 있잖아 정말 빈틈없이 행복해
너를 따라서 시간은 흐르고 멈춰
물끄러미 너를 들여다 보곤 해
그것 말고는 아무것도 할 수 없어서
너의 모든 순간 그게
나였으면 좋겠다
생각만 해도 가슴이 차올라
나는 온통 너로
보고 있으면 왠지 꿈처럼 아득한 것
몇 광년 동안 날 향해 날아온 별빛
또 지금의 너
거기 있어줘서 그게 너라서
가끔 나에게 조용하게 안겨주어서
나는 있잖아 정말 남김없이 고마워
너를 따라서 시간은 흐르고 멈춰
물끄러미 너를 들여다보곤 해
너를 보는 게 나에게는 사랑이니까
너의 모든 순간 그게
나였으면 좋겠다
생각만 해도 가슴이 차올라
나는 온통 너로
니 모든 순간 나였으면",1
71,72,다시 사랑한다면 (김필 Ver.),임영웅,2021.05.25,"44,230",사랑의 콜센타 PART56,성인가요/트로트,"다시 태어난다면 다시 사랑한다면
그때는 우리 이러지 말아요
조금 덜 만나고 조금 덜 기대하며
많은 약속 않기로 해요
다시 이별이 와도 서로 큰 아픔 없이
돌아설 수 있을 만큼
버려도 되는 가벼운 추억만
서로의 가슴에 만들기로 해요
이젠 알아요 너무 깊은 사랑은
외려 슬픈 마지막을 가져 온다는 걸
그대여 빌게요 다음 번의 사랑은
우리 같지 않길 부디 아픔이 없이
나
꼭 나보다 더 행복해져야만 해
많은 시간이 흘러 서로 잊고 지내도
지난 날을 회상하며
그 때도 이건 사랑이었다고
말할 수 있다면 그걸로 된 거죠
이젠 알아요 너무 깊은 사랑은
외려 슬픈 마지막을 가져 온다는 걸
그대여 빌게요 다음 번의 사랑은
우리 같지 않길 부디 아픔이 없이
이젠 알아요 영원할 줄 알았던
그대와의 사랑마저 날 속였다는 게
그보다 슬픈 건 나 없이 그대가
행복하게 지낼 먼 훗날의 모습
나
내 마음을 하늘만은 알기를",1
72,73,Off My Face,Justin Bieber,2021.10.08,"112,864",Justice (The Complete Edition),POP,"One touch and you got me stoned
Higher than I've ever known
You call the shots and I follow
Sunrise but the night still young
No words but we speak in tongues
If you let me I might say too much
Your touch blurred my vision
It's your world and I'm just in it
Even sober I'm not thinkin' straight
'Cause I'm off my face
in love with you
I'm out my head so into you
and I don't know how you do it
But I'm forever ruined by you
ooh ooh ooh
Can't sleep
'cause I'm way too buzzed
Too late now you're in my blood
I don't hate the way you keep me up
Your touch blurred my vision
It's your world and I'm just in it
Even sober I'm not thinkin' straight
'Cause I'm off my face
in love with you
I'm out my head so into you
and I don't know how you do it
But I'm forever ruined by you
ooh ooh ooh
Ooh-ooh-ooh ooh ooh ooh ooh
Ooh-ooh-ooh ooh ooh
Ooh-ooh-ooh ooh ooh ooh ooh
Ooh-ooh-ooh ooh ooh
'Cause I'm off my face
in love with you
I'm out my head so into you
and I don't know how you do it
But I'm forever ruined by you
ooh ooh ooh
By you ooh ooh ooh",1
73,74,Dun Dun Dance,오마이걸 (OH MY GIRL),2021.05.10,"154,923",Dear OHMYGIRL,댄스,"Dun Dun Dance Dun Dun Dance
Dun Dun Dance
Just dance Just dance
Dun Dun Dance Dun Dun Dance
Dun Dun Dance
Just dance Just dance
유성이 비처럼 쏟아지는 하늘
그 아래 너와 함께 춤추고 싶어
색색의 옷들과 예쁜 액세서리
oh baby
흐르는 저 음악이
내 맘을 설레게 하지
I feel the disco rhythm in my body
다른 아무것도 생각하진 마
yeah 발자국으로 가득한
무대 위에 올라
자유로운 몸짓 그 사랑스런 느낌
저 따분했던 하루와
일상에서 벗어나 oh tonight
Just you and I
지구를 등지고 떠올라
맘껏 crazy crazy crazy 긴 춤을 춰
말리지 마 지금 내 기분은
feel so high
멀리 멀리 멀리 다 눈부셔
I just wanna Dun Dun Dance
Dun Dun Dance Dun Dun Dance
Oh baby give me baby
give me baby give me more
날 멈추지 마 love this song
Just wanna Dun Dun Dance
Dun Dun Dance Dun Dun Dance
Just dance Just dance
Shining like a disco ball
빨간 high heels on the road
Got my eyes on you
and you got yours
저 태양이 다시 눈뜰 때까지
넌 평범한데 뭔가 달라
왠지 묘한 구석이 있네
난 가려져 있는 게 보여
우린 모두 이상해 조금씩은 yeah
사람을 가장한 낯선 존재들처럼
oh baby
yeah 놀라지 않아
괜찮아 좀 더 가까이 와
다른 시선 따위 다 잊어버려 우리
늘 복잡한 저세상과
기대에서 벗어나 oh tonight
Just you and I
지구를 등지고 떠올라
맘껏 crazy crazy crazy 긴 춤을 춰
말리지 마 지금 내 기분은
feel so high
멀리 멀리 멀리 다 눈부셔
I just wanna Dun Dun Dance
Dun Dun Dance Dun Dun Dance
Oh baby give me baby
give me baby give me more
날 멈추지 마 love this song
Just wanna Dun Dun Dance
Dun Dun Dance Dun Dun Dance
Just dance Just dance
어차피 작은 점일 뿐야
보석 같은 아이야
몇 발짝 멀리 떨어져서 바라보면 돼
우린 dancing on fire
Just you and I
지구를 등지고 떠올라
맘껏 crazy crazy crazy 긴 춤을 춰
말리지 마 지금 내 기분은
feel so high
멀리 멀리 멀리 다 눈부셔
I just wanna Dun Dun Dance
Dun Dun Dance Dun Dun Dance
Oh baby give me baby
give me baby give me more
날 멈추지 마 love this song
Just wanna Dun Dun Dance
Dun Dun Dance Dun Dun Dance
Just dance Just dance",2
74,75,My Universe,"Coldplay, 방탄소년단",2021.09.24,"153,341",My Universe,POP,"You, you are my universe and
I just want to put you first
And you, you are my universe, and I…

In the night I lie and look up at you
When the morning comes I watch you rise
There’s a paradise they couldn’t capture
That bright infinity inside your eyes

매일 밤 네게 날아가 (가)
꿈이란 것도 잊은 채
나 웃으며 너를 만나 (나)
Never ending forever baby

You, you are my universe and
I just want to put you first
And you, you are my universe, and
You make my world light up inside

어둠이 내겐 더 편했었지
길어진 그림자 속에서 (eyes)

And they said that we can’t be together
Because
Because we come from different sides

You, you are my universe and
I just want to put you first
And you, you are my universe, and
You make my world light up inside

My universe (do do, do do)
My universe (do do, do do)
My universe (do do, do do)
(you make my world)
You make my world light up inside

Make my world light up inside

나를 밝혀주는 건
너란 사랑으로 수 놓아진 별
내 우주의 넌
또 다른 세상을 만들어 주는 걸

너는 내 별이자 나의 우주니까
지금 이 시련도 결국엔 잠시니까
너는 언제까지나 지금처럼 밝게만 빛나줘
우리는 너를 따라 이 긴 밤을 수놓을 거야

너와 함께 날아가 (가)
When I’m without you I’m crazy
자 어서 내 손을 잡아 (아)
We are made of each other baby

You, you are my universe and
I just want to put you first
And you, you are my universe, and
You make my world light up inside

My universe (you, you are)
My universe (I just want)
My universe (you, you are)
My universe, and I

My universe",1
75,76,"어떻게 이별까지 사랑하겠어, 널 사랑하는 거지",AKMU (악뮤),2019.09.25,"377,615",항해,발라드,"일부러 몇 발자국 물러나
내가 없이 혼자 걷는 널 바라본다
옆자리 허전한 너의 풍경
흑백 거리 가운데 넌 뒤돌아본다
그때 알게 되었어
난 널 떠날 수 없단 걸
우리 사이에 그 어떤 힘든 일도
이별보단 버틸 수 있는 것들이었죠
어떻게 이별까지 사랑하겠어
널 사랑하는 거지
사랑이라는 이유로
서로를 포기하고
찢어질 것같이 아파할 수 없어 난
두세 번 더 길을 돌아갈까
적막 짙은 도로 위에 걸음을 포갠다
아무 말 없는 대화 나누며
주마등이 길을 비춘 먼 곳을 본다
그때 알게 되었어
난 더 갈 수 없단 걸
한 발 한 발 이별에 가까워질수록
너와 맞잡은 손이 사라지는 것 같죠
어떻게 이별까지 사랑하겠어
널 사랑하는 거지
사랑이라는 이유로
서로를 포기하고
찢어질 것같이 아파할 수 없어 난
어떻게 내가 어떻게 너를
이후에 우리 바다처럼 깊은 사랑이
다 마를 때까지
기다리는 게 이별일 텐데
어떻게 내가 어떻게 너를
이후에 우리 바다처럼 깊은 사랑이
다 마를 때까지
기다리는 게 이별일 텐데",1
76,77,롤린 (Rollin'),브레이브걸스,2017.03.07,"292,149",Rollin',댄스,"그 날을 잊지 못해 babe
날 보며 환히 웃던
너의 미소에
홀린 듯
I'm fall in love
But 너무 쪽팔림에
난 그저
한마디 말도 못해 babe
I wanna you
너의 눈빛은
날 자꾸 네 곁을 맴돌게 해
Just only you
굳게 닫힌 내 맘이
어느새 무너져버려
Because of you
온통 너의 생각뿐이야
나도 미치겠어
너무 보고 싶어
매일 매일 매일
자꾸 초라해지잖아
내 모습이
그대여 내게 말해줘
사랑한다고
Rollin' Rollin' Rollin' Rollin'
Rollin' Rollin' Rollin' Rollin'
Rollin' Rollin' Rollin' Rollin'
하루가 멀다 하고
Rolling in the deep
Rollin' Rollin' Rollin' Rollin'
Rollin' Rollin' Rollin' Rollin'
기다리고 있잖아 Babe
Just only you
기다리고 있잖아 Babe
Just only you
Hey I just wanna be with you
오늘 밤이 가기 전에
I can't feel you
조금 더 다가와 줘
Tonight I'm ready for you
You wanna touch me I know
대체 뭘 고민해 빨리 안아
아닌 척 모르는 척 하다가
늦게 놓치고 후회 말아
I wanna you
너의 눈빛은
날 자꾸 네 곁을 맴돌게 해
Just only you
굳게 닫힌 내 맘이
어느새 무너져버려
Because of you
온통 너의 생각뿐이야
나도 미치겠어
너무 보고 싶어
매일 매일 매일
자꾸 초라해지잖아
내 모습이
그대여 내게 말해줘
사랑한다고
Rollin' Rollin' Rollin' Rollin'
Rollin' Rollin' Rollin' Rollin'
Rollin' Rollin' Rollin' Rollin'
하루가 멀다 하고
Rolling in the deep
Rollin' Rollin' Rollin' Rollin'
Rollin' Rollin' Rollin' Rollin'
기다리고 있잖아 Babe
Just only you
이제 와 숨기려 하지 마요
그대여
아닌 척하지 마요
온종일 난
그대 생각에 잠긴 채로
난 이대로 기다리고 있어요
Rollin' Rollin' Rollin' Rollin'
Rollin' Rollin' Rollin' Rollin'
Rollin' Rollin' Rollin' Rollin'
하루가 멀다 하고
Rolling in the deep
Rollin' Rollin' Rollin' Rollin'
Rollin' Rollin' Rollin' Rollin'
기다리고 있잖아 Babe
Just only you
기다리고 있잖아 Babe
Just only you",2
77,78,우리가 헤어져야 했던 이유,비비 (BIBI),2021.12.13,"53,816",그 해 우리는 OST Part.2,"발라드, 국내드라마","Maybe If I
Woke up in the morning
Hearing your voice
Maybe If I was with you
어쩌면 우리 어려웠던 날들
함께 보냈었다면
혹시 우린 어땠을까
The distance between you and me
It never seems to disappear
얼어붙은 나의 말들과 너
만약에 우리 우연히
다시 또 만난다면
만약에 내가 널 위해
조금 달라진다면
우리가 헤어져야만 했던 이유도
I would try try try
안아줄 수 있을까
조금은 다른
기억의 조각들
하지만 꼭 닮은
그리움의 마음들은
Only if you
If you come
The distance between you and me
It never seems to disappear
멈춰버린 우리 추억과 너
만약에 우리 우연히
다시 또 만난다면
만약에 내가 널 위해
조금 달라진다면
우리가 헤어져야만 했던 이유도
I would try try try
안아줄 수 있을까
눈을 뜨면 혹시 니가 서 있을까
어느 날 상상도 했어
한 번도 내게 해주지 않았던 말
그저 너니까 좋은 거라고 oh
Tell me whenever
I’ll be wherever you are
Only if you come",1
78,79,Stronger (What Doesn't Kill You),Kelly Clarkson,2012.02.06,"79,167",Stronger (What Doesn't Kill You) (Digital Audio Bundle),POP,"You know the bed feels warmer
Sleeping here alone
You know I dream in color
And do the things I want
You think you got the best of me
Think you had the last laugh
Bet you think
that everything good is gone
Think you left me broken down
Think that I'd come running back
Baby you don't know me
cause you're dead wrong
What doesn't kill
you makes you stronger
Stand a little taller
Doesn't mean I'm lonely
when I'm alone
What doesn't kill
you makes a fighter
Footsteps even lighter
Doesn't mean I'm over
cause you're gone
What doesn't kill
you makes you stronger stronger
Just me myself and I
What doesn't kill
you makes you stronger
Stand a little taller
Doesn't mean I'm lonely
when I'm alone
You heard that I was starting
over with someone new
But told you
I was moving on over you
You didn't think that
I'd come back
I'd come back swinging
You tried to break me
but you see
What doesn't kill
you makes you stronger
Stand a little taller
Doesn't mean I'm lonely
when I'm alone
What doesn't kill
you makes a fighter
Footsteps even lighter
Doesn't mean
I'm over cause you're gone
What doesn't kill
you makes you stronger stronger
Just me myself and I
What doesn't kill
you makes you stronger
Stand a little taller
Doesn't mean I'm lonely
when I'm alone
Thanks to you
I got a new thing started
Thanks to you
I'm not the broken hearted
Thanks to you I'm finally
thinking bout me
You know in the end the day you
left was just my beginning
In the end
What doesn't kill
you makes you stronger
Stand a little taller
Doesn't mean I'm lonely
when I'm alone
What doesn't kill
you makes a fighter
Footsteps even lighter
Doesn't mean I'm over cause
you're gone
What doesn't kill
you makes you stronger stronger
Just me myself and I
What doesn't kill
you makes you stronger
Stand a little taller
Doesn't mean I'm lonely
when I'm alone
What doesn't kill
you makes you stronger stronger
Just me myself and I
What doesn't kill
you makes you stronger
Stand a little taller
Doesn't mean I'm lonely
when I'm alone
I'm alone",1
79,80,북극성 (Never Goodbye),NCT DREAM,2022.03.28,"41,735",Glitch Mode - The 2nd Album,R&B/Soul,"변해가는 계절들을 막아 줄 거란
그런 말로 너를 붙잡을 순 없지만
많은 계절을 마주칠 너에게
이 마음 하날 비춰주려 해

떠나는 걸음이 맘이 흐려지지 않게
So please don't cry 약속할 테니

유난히 짙고 긴 밤 견디던 어느 날
눈물을 참지 못해 문득 고개를 들면
반짝이는 별을 따라
다시 돌아올 길을 찾을 거야
It's Never Goodbye

네가 지금 가야 하는 길이
나와 엇갈릴 수도 있어
항상 같은 방향을 걸을 수 없단 걸
I know I know I know (I know)
함께 가는 방법을 찾을 수 없다면
너를 멀리서 늘 비춰줄 거야

난 그대로야 여전해 Like a photo
시간은 근데 그렇지 않더라고
이거 듣고 기억들을 간지럽혀
I see you 눈을 감아도
You know that’s not normal for you
I’m not normal

잠시 놓쳐도 단번에 찾을 수 있게
그 자리에서 기다릴게
우린 It’s Never Goodbye
다시 돌고 돌아 어둠 속에서
내가 너를 알아보듯 언젠가
Find me please

멈춰 선 내 맘이 다시 달려가지 않게
So please don't cry 약속할 테니

유난히 짙고 긴 밤 견디던 어느 날
눈물을 참지 못해 문득 고개를 들면
반짝이는 별을 따라
다시 돌아올 길을 찾을 거야
It's Never Goodbye

언젠가 나에게 돌아오는 날
한 걸음에 널 마중 갈게
You were you are you and I
항상 함께 일 거야
그때는 엇갈리지 마

유난히 짙고 긴 밤 견디던 어느 날
눈물을 참지 못해 문득 고개를 들면
반짝이는 별을 따라
다시 돌아올 길을 찾을 거야
It's Never Goodbye

You never say goodbye
같은 시간 같은자리 같은 공간 속
밝혀줘 어둠 속 Starlight
너로 인해 나의 하나뿐인 별자리가
완성되어가길 바라

불안해하지 마 난 너를 보고 있어
같이 있던 밤 기억하고 있어
낯선 길을 걸을 땐 고개를 들어
저 별을 바라봐",2
80,81,DAYDREAM,하이라이트 (Highlight),2022.03.21,"25,136",DAYDREAM,댄스,"다른 맘을 맞추고
같은 길을 걷다 보면
끝이란 내 맘과는
상관없이 나곤 해

I'm in trouble 점점 더 잿빛으로
변하고 있는 걸 날 좀 잡아줘
고독한 밤이 나를 감싸 오는 걸

손을 뻗어 소리쳐 봐도
닿지 않는 너인데
느껴지지 않아
I'm so lost

꿈을 꿔 DAYDREAM 난 매일
혹시라는 꿈을 꿔
계속 DAYDREAM
영원히 어지러운 미로 속

Because I love you, love you, love you
내가 살아가는 모든 이유
바로 너라고 오직 너라고
꿈에서 깨도 꿈인 걸

멍하니 걸어
네가 있는 그곳 흔적 따라
너의 숨결, 온기를 찾아
깨지 않는 꿈 꾸는 걸
DAYDREAM

머릿속에 펼쳐지는 드라마
결코 일어나지 않을 거라
날 타일러

남은 감정이라는 게
심장에 넘쳐 흐를 듯해
온몸에 울리는 네 목소리

손을 뻗어 소리쳐봐도
닿지 않는 너인데
느껴지지 않아
I'm so lost

꿈을 꿔 DAYDREAM 난 매일
혹시라는 꿈을 꿔
계속 DAYDREAM
영원히 어지러운 미로 속

Because I love you, love you, love you
내가 살아가는 모든 이유
바로 너라고 오직 너라고
꿈에서 깨도 꿈인 걸

항상 나의 예측관
다른 너였으니까
이번에도, 혹시라도 그럴지

차갑도록 얼어버린
내 두 손 끝에 닿아줘
다시 올 수 있게

오늘도 DAYDREAM 쉼 없이
혹시라는 꿈을 꿔
계속 DAYDREAM
영원히 어지러운 미로 속

Because I love you, love you, love you
내가 살아가는 모든 이유
바로 너라고 오직 너라고
꿈에서 깨도 꿈인 걸

멍하니 걸어
네가 있는 그곳 흔적 따라
너의 숨결, 온기를 찾아
깨지 않는 꿈 꾸는 걸
DAYDREAM",1
81,82,Christmas Tree,V,2021.12.24,"87,282",그 해 우리는 OST Part.5,"발라드, 국내드라마","In this moment
I see you
It always comes around
As I believed
When the rain stops
You shine on me
Your light’s the only thing
that keeps the cold out
Moon in the summer night
Whispering of the stars
They’re singing like
Christmas trees for us
So I’ll tell you
A Million tiny things that
You have never known
It all gets tangled up inside
And I’ll tell you
A Million little reasons
I’m falling for your eyes
I just want to be where you are
It’s such a strange thing to do
Sometimes I don’t understand you
But It always brings me back
To where you are
혹시 아니
너에겐 나만 아는 모습이 있어
한여름밤 오는 첫눈같이
믿기지 않는 기적 같은 놀라운 순간 넌
언젠가 또
불어온 바람에
마음이 날아다녀도
기다릴게
So I’ll tell you
A Million tiny things that
You have never known
It all gets tangled up inside
And I’ll tell you
A Million little reasons
I’m falling for your eyes
I just want to be where you are
Tell you
A Million tiny things that
You have never known
It all gets tangled up inside
Tell you
A Million little reasons
I’m falling for your eyes
I just want to be where you are",1
82,83,그대라는 사치,임영웅,2021.07.06,"39,177",사랑의 콜센타 PART62,발라드,"그림 같은 집이 뭐 별거겠어요
어느 곳이든 그대가 있다면
그게 그림이죠
빛나는 하루가 뭐 별거겠어요
어떤 하루던 그대 함께라면
뭐가 필요하죠
나 그대가 있지만
힘든 세상이 아니라
힘든 세상 이지만 곁에
그대가 있음을 깨닫고
또 감사해요 또 기도해요
내 곁에서 변치 않고
영원하길 기도 드리죠
무려 우리 함께 눈뜨는 아침과
매일 그댈 만나 돌아오는 집 앞
나 만의 그대 나의 그대
내겐 사치라는걸
과분한 입맞춤에 취해
잠이 드는 일
그래 사치 그댄 사치 내겐 사치
행복이란 말이 뭐 별거겠어요
그저 그대의 잠꼬대 마저 날
기쁘게 하는데
사랑이란 말이 뭐 별거겠어요
그저 이렇게 보고만 있어도
입에서 맴돌죠
나 그대가 있지만
거친 세상이 아니라
거친 세상 이지만
내겐 그대가 있음을 깨닫고
또 다짐하죠 또 약속하죠
그대 곁에 변치않고
영원하길 약속할게요
무려 우리 함께 눈뜨는 아침과
매일 그댈 만나 돌아오는 집 앞
나 만의 그대 나의 그대
내겐 사치 라는걸
과분한 입맞춤에 취해
잠이 드는 일
그래 사치 그댄 사치 내겐 사치
내가 상상하고
꿈꾸던 사람 그대
정말 사랑하고 있다고
나 말 할 수 있어서
믿을 수 없어
정말 믿을 수 없어
내가 어떻게 내가 감히
사랑할 수 있는지 말야
무려 우리 함께 잠드는 이 밤과
매일 나를 위해 차려진 이 식탁
나 만의 그대 나의 그대
내겐 사치 라는걸
과분한 입맞춤에 취해
잠에 드는 일
그래 사치 그댄 사치 내겐 사치",1
83,84,"손을 잡는다거나, 같이 걷는다거나",적재,2022.02.27,"19,760",Trip:Tape #01,발라드,"하고 싶은 말을 하나씩
써 내려가다가
문득 보고 싶은 맘이
창밖에 막 차오를 때
너의 밤이 궁금해 조금씩
무작정 너에게
맘이 타는 줄도 몰라
뜨겁게 나 가고 있어
햇살이 좋은 그런 어떤 날
별빛이 내린 오늘 같은 밤
Oh 난 사실은 말이야
너와 같은 하늘 아래서
손을 잡는다거나 같이 걷는다거나
Oh 난 사실은 말이야
너와 같은 곳을 보면서
발 맞추고 싶나 봐
너를 정말 많이 사랑하나 봐
너의 하늘 어딘가에
내 맘을 따다가
바람 따라 새겨놓고
달빛처럼 빛나게 해
너와 마주 앉아
밤하늘을 보며
꿈을 꾸고 있나 봐
이런 게 사랑인가 봐
Oh 난 사실은 말이야
너와 같은 하늘 아래서
손을 잡는다거나 같이 걷는다거나
Oh 난 사실은 말이야
너와 같은 곳을 보면서
발 맞추고 싶나 봐
너를 정말 많이 사랑해
Oh 난 사실은 말이야
너를 보고 싶었었나 봐
너와 손을 잡고서
같이 길을 걸으며
Oh 난 사실은 말이야
너와 같은 곳을 보면서
발 맞추고 싶나 봐
너를 많이 사랑하게 됐나 봐",0
84,85,흰눈,먼데이 키즈 (Monday Kiz),2021.12.12,"34,351",흰눈,발라드,"한 사람을 너무 사랑했던 거죠
얼마나 나를
아프게 할지도 모르고
기뻐했죠
이 세상에 그댈 가진 사람
나 하나 뿐이라며
흰 눈이 내리던 어느 날
그 고운 입술로 날 사랑한다고
안녕이란 말을 하고
그대가 내 곁을 떠나갔죠
몰랐었죠 우리 헤어진다는건
정말 그대가
내 사랑인줄 알았는데
좋아했죠
그대 나와 같은 생각하고
있을거라 믿었죠
흰 눈이 내리던 어느 날
그 고운 입술로 날 사랑한다고
안녕이란 말을 하고
그대가 내 곁을 떠나갔죠
하얀 눈위에 멀어져 가는
그대가 남겨둔 발자국 세며
멍하니 바보처럼
떠나가는 뒷모습 보면서 울었죠
흰 눈이 내리던 어느 날
그 고운 입술로 날 사랑한다고
안녕이란 말을 하고
그대가 내 곁을 떠나갔죠
흰 눈이 내리던 어느 날
그 고운 입술로 날 사랑한다고
안녕이란 말을 하고
그대가 내 곁을 떠나갔죠
내 곁을 떠나갔죠",0
85,86,우연히 봄,"로꼬, 유주 (YUJU)",2015.04.08,"158,182",냄새를 보는 소녀 OST Part.2,"발라드, 랩/힙합, 국내드라마","우연히 내게 오나봐
봄 향기가 보여
너도 같이 오나봐
저 멀리서 니 향기가
설레는 코끝에 나의 입술에
괜찮은 느낌 이 떨림
나도 몰래 우연히 봄
어 어느새
겨울 지나 봄이야
여전히 난 너
앞에선 돌이야
난 아직 이게
믿기지가 않지만
내 왼손은
지금까지도 너의 향기가
미묘하게 흘렀던 분위기에
아직까지 난 가까스로 숨 쉬네
무대 위완 다르게 니 눈을 피해
고개를 돌렸던
내 모습에 한숨 쉬네
오랜만에 느껴지는
이 떨림이 날 단순하게 만들어
딱 너만 아는 거리지
다 고쳤다고 생각했던 버벅임이
또 도져서 준비했던
말을 잊어버리지
난 주워 담지 못할
말은 절대 안 해
원하는 걸 말해봐
널 위해서만 할게
너 빼곤 다
색칠할 수 있어 까맣게
천천히 갈게 조금 더 가깝게
우연히 내게 오나봐
봄 향기가 보여
너도 같이 오나봐
저 멀리서 니 향기가
설레는 코끝에 나의 입술에
괜찮은 느낌 이 떨림
나도 몰래 우연히 봄
우연히 봄
어 아직까지 향기가 짙네
발걸음이 가벼워
집에 가는 길엔
더 가까워질 너와 나를
상상하는 내 모습이
오글거려 몸서리치네
어 어 머릿속이
하얘지기 때문에
하루 종일 날씨
얘기만 반복하게 돼
오로지 난 너 하나 때문에
다른 것들에겐 무감각하게 돼
정적이 만드는 긴장감은
오히려 설레어
나를 미소 짓게 만들어
모른 척 하려 했던
니 옆의 남자들은
흐릿했던 내 눈 앞에
불을 키게 만들어
겨울은 유난히도 추웠고
다시 돌아온
그토록 기다렸던 봄
움직이지 못하도록
잡고 있고 싶어
날 더 느낄 수 있게
안고 있고 싶어
우연히 내게 오나봐
봄 향기가 보여
너도 같이 오나봐
저 멀리서 니 향기가
설레는 코끝에 나의 입술에
괜찮은 느낌 이 떨림
나도 몰래 우연히 봄
I love u so I love u
너무 쉬운 걸
그래도 나 참고 있을게
난 여자이니까
하루 더 기다려
바보야 내게 말해봐
니 마음도 보여
갖고 싶다고 해봐
더 이상은 감추지 마
어느새 내 앞에 이젠 내 앞에
괜찮은 느낌 이 떨림
나도 몰래 우연히 봄",2
86,87,추억은 만남보다 이별에 남아,정동하,2021.01.31,"82,356",추억은 만남보다 이별에 남아,발라드,"아득한 시간 속에 아직
우리 사랑이 남아있을까
멀어지던 그날의 너를 따라 걸어도
텅 빈 거리엔 미움만
너의 흔적을 마주칠 때마다
익숙함 속에 떠나보내던
소중했던 모든 날들은
후회로 남아
이렇게 또 내게 다가오나 봐
멍하니 혼자 남아
나도 모르게 널 그리워하다
떠오르는 네 생각에 하루를 살아
선명했던 우리의
추억은 만남보다 이별에 남아
여전히 너를 사랑하게 하나 봐
그날처럼
저녁 빛에 밤이 물들면
길게 늘어진 그림자처럼
흩어질 듯 더 커져가는 너의 모습은
아직도 내 안에 가득한가 봐
멍하니 혼자 남아
나도 모르게 널 그리워하다
떠오르는 네 생각에 하루를 살아
선명했던 우리의
추억은 만남보다 이별에 남아
여전히 너를
사랑하고 있나 봐 바보처럼
흩날리는 기억의 모든 순간마다 너를
매일 이렇게 불러본다
꼭 한 번쯤 너에게 해주고 싶었던 말
너무 사랑했다고
다시는 너를 떠나지 않겠다고
여전히 너를 사랑하고 있다고
그날 보다",2
87,88,잊었니,임영웅,2021.06.22,"38,739",사랑의 콜센타 PART60,성인가요/트로트,"잊었니 날 잊어버렸니
그 수많은 추억들은 잊어버렸니
가슴은 널 향해 팔 벌려
오늘도 간신히 버티고 있는데
추억이 점점 빛 바래가면
너와 거닐던 길에 우두커니 서
지우고 또 지우려 해도
네 숨결 목소리가 귓가에 들려
잊었니 날 잊어버렸니
아직 난 널 기다리잖아
사랑이 또 울고 있잖아
가슴엔 늘 눈물이 고여
지워도 자꾸 지우려 해도
그대 얼굴이 자꾸 떠오르네요
잊었니 날 잊어버렸니
아직 난 널 기다리잖아
사랑이 또 울고 있잖아
가슴엔 늘 눈물이 고여
잊었니 날 잊어버렸니
아직 난 널 기다리잖아
사랑이 또 울고 있잖아
가슴엔 늘 눈물이 고여
지워도 자꾸 지우려 해도
그대 얼굴이 자꾸 떠오르네요
지워도 자꾸 지우려 해도
그대 얼굴이 자꾸 떠오르네요
그대 얼굴이 자꾸 떠오르네요",1
88,89,언덕나무,이승윤,2022.01.04,"48,636",그 해 우리는 OST Part.7,"발라드, 국내드라마","높은 언덕 나무처럼
너의 기억은 내게
쉬었다가는 편한 그늘이었어
어느덧 내가
어른이 다 되어버린 지금
아직도 내 안에 다 자라지 못한
머물러 남아있는 기억
You 언제나 늘 같은
나의 가장 자릴
떠난 적 없는
너에 대한 기억
어느 언덕 나무처럼
너의 기억은 내게
쉬었다가는 그늘이었고
마주 닿으면
쓰라리는 상처 같은 이름
떼어낼 수도 없는
떨어지지 않는 딱지 같아
누군가 나에게 물어보면 항상
같은 대답 내 가장 좋았던 날
늘 한 켠이 아렸던
마치 어딘가에 두고 온듯한
잊을 수 없는 기억
어느 언덕 나무처럼
너의 기억은 내게
쉬었다가는 그늘이었고
마주 닿으면
쓰라리는 상처 같은 이름
떼어낼 수도 없는
미워할 수 없는
너의 이름이 내게 들리면
또다시 내 하룬 너에게
치여 살 것 같아서
두려워
높은 언덕 홀로 있는
구름나무 같은
네게 기대고 싶어
마주 닿으면
쓰라리는 상처 같은 이름
떼어 낼 수도 없는
떨어지지 않는 딱지 같아",2
89,90,오늘도 빛나는 너에게 (To You My Light) (Feat.이라온),마크툽 (MAKTUB),2019.06.09,"259,530",Red Moon : To You My Light,"R&B/Soul, 인디음악","별빛이 내린 밤
그 풍경 속 너와 나
날 새롭게 하는
따뜻하게 만드는
니 눈빛 니 미소
영원히 담아둘게
너로 가득한 맘
널 닮아가는 나
날 위한 선물
꿈보다 더 아름다운
서로의 품에서
끝 없는 밤을 걷자
나의 모든 날들을 다 주고싶어
내 이 맘을 모두 전하고 싶어
잠들지 못한
푸른 바람들
이렇게 밝게 이 밤을 비춰
너와 작은 일상을 함께 하는게
내 가장 큰 기쁨인걸 넌 알까
내 세상 속에
넌 빛이 되어
지금 모습 그대로 내 곁에만
행복이 짙은 날
어둠이 없는 밤
같은 맘 속에
같은 꿈이 피어난 건
우리의 정해진
운명이 맞닿은거야
나의 모든 날들을 다 주고싶어
내 이 맘을 모두 전하고 싶어
잠들지 못한
푸른 바람들
이렇게 밝게 이 밤을 비춰
너와 작은 일상을 함께 하는게
내 가장 큰 기쁨인걸 넌 알까
내 세상 속에
넌 빛이 되어
지금 모습 그대로 내 곁에만
내게 온 너란 빛이 눈 부셔도
네 앞에서 한 순간도 눈 감지 않아
다가올 시간도
계절의 바람도
널 데려가지 못하게
내가 더 좋은 사람이 되고 싶어
더 아름답게 널 안을 수 있게
잠들지 못한
잠들 수 없는
바람들이 널 부르고 있어
언제까지나 너와 함께 할거야
내 마지막 숨결도 너일거야
내 세상 속에
넌 빛이 되어
지금 모습 그대로 내 곁에만
이렇게 밝게 이 밤을 비춰",0
90,91,잊을 수 있을까,노을,2022.02.10,"17,248",이별을 말하는,발라드,"요즘 내 일상은
아무 의미 없이
돌아가는 초침 소리
들어보는 일
나만 다른 세상에 있는 것 같아
창문 밖은 벌써 하얀 눈이 녹아
꽃이 필 준비를 하나 봐
잊을 수 있을까
우리의 지난 날들을
이 계절이 오면
네 생각 날 것 같은데
하얀 겨울이 가고 봄이 올 때
난 울었어
이 계절에 난 남아 있나 봐
아직
길고 긴 시간을
보내도 난 아직
헤어지던 겨울 끝에
머물고 있나 봐
처음으로 다 되돌릴 수 있다면
맘과 다른 말들 모두 주워 담아
꽃이 피길 기다리겠지
잊을 수 있을까
우리의 지난 날들을
이 계절이 오면
네 생각 날 것 같은데
하얀 겨울이 가고 봄이 올 때
난 울었어
이 계절에 난 남아 있나 봐
서러워 이젠 서러워져
아무리 밀어내도
나아지지가 않아
지워지지 않아
이젠 보내줄까
너를 잊을 수 있을까
얼마나 더 해야
괜찮아질 수 있을까
벚꽃 비가 내려도
겨울 끝에 혼자 남아
이 계절에서 널 기다리고 있어",2
91,92,흔들리는 꽃들 속에서 네 샴푸향이 느껴진거야,장범준,2019.08.23,"300,056",멜로가 체질 OST Part 3,"록/메탈, 국내드라마","흔들리는 꽃들 속에서
네 샴푸향이 느껴진거야
스쳐지나간건가 뒤돌아보지만
그냥 사람들만 보이는거야
다와가는 집근처에서
괜히 핸드폰만 만지는거야
한번 연락해 볼까 용기내 보지만
그냥 내 마음만 아쉬운 거야
걷다가 보면 항상 이렇게 너를
바라만 보던 너를
기다린다고 말할까
지금 집앞에 계속 이렇게 너를
아쉬워 하다 너를 연락했다 할까
지나치는 꽃들 속에서
네 샴푸향만 보이는거야
스쳐지나간건가 뒤 돌아보지만
그냥 내 마음만 바빠진거야
걷다가 보면 항상 이렇게 너를
바라만 보던 너를
기다린다고 말할까
지금 집앞에 계속 이렇게 너를
아쉬워 하다 너를 연락했다 할까
어떤 계절이 너를
우연히라도 너를 마주치게 할까
난 이대로 아쉬워하다
너를 바라만 보던 너를
기다리면서 아무말 못하고
그리워만 할까
걷다가 보면 항상 이렇게 너를
바라만 보던 너를
생각한다고 말할까
지금 집앞에 기다리고
때론 지나치고 다시 기다리는
꽃이 피는 거리에 보고파라 이밤에
걷다가 보면 항상 이렇게 너를
아쉬워 하다 너를
기다린다고 말할까
지금 집앞에 계속 이렇게 너를
아쉬워 하다 너를 연락했다 할까",2
92,93,아무래도 난,주시크 (Joosiq),2022.03.30,"9,618",아무래도 난,"R&B/Soul, 인디음악","아무렇지 않게 내 하루가 또
지나갈 쯤에 문득
네가 없다는 게 익숙해진 내가
낯설어지곤 해 yeah
이제와 너 없는 난 의미 없다고
되돌릴 수 없는 우리겠지만
네가 좋아했던 그 노랠 우연히
듣게 됐어 아무래도 난
Baby I Need You
좀 늦었겠지만
다시 하고 싶어
여전히 I Need you
Need You
좀 어렵겠지만
너 없인 안돼 난
너도 알잖아
Baby I need you now
Baby I need you now
Baby I need you now
몇 곡의 노래로 너를 불렀을까
너도 들었겠지만
아직도 궁금해
내가 없이 보낸
너의 지금은 어때
이제와 너 없는 난 의미 없다고
되돌릴 수 없는 우리겠지만
네가 좋아했던 그 노랠 우연히
불러 봤어 아무래도 난
Baby I Need You
좀 늦었겠지만
다시 하고 싶어
여전히 I Need you
Need You
좀 어렵겠지만
너 없인 안돼 난
너도 알잖아
Baby I need you now
Baby I need you now
Baby I need you now
그때 네가 울던 한강 공원에서
네 눈물을 보고 닦아 주질 못했어
이런 게 떠올라 후회된 장면만
웃는게 예뻤던 너를
Baby I Need You
여전히 사랑해
내가 잘못했어
돌아와 I Need you
Need You
너도 그랬다고
나없이 안돼 넌
너도 알잖아
Baby I need you now
Baby I need you now
Baby I need you now",2
93,94,밝게 빛나는 별이 되어 비춰줄게,송이한,2020.12.29,"115,179",밝게 빛나는 별이 되어 비춰줄게,R&B/Soul,"우리의 모든 순간이
애틋해 눈물 날 때면
언제나 네게 닿을 수 있게
가까이서 머물게
유난히 더 힘든 날엔
더 이상 외롭지 않게 안아줄게
영원히 내 품에 너를 간직할게
세상이 널 외면해도
모두가 저버린대도
항상 곁에서 변함없이 늘 있어줄게
밝게 빛나는 별이 되어
너를 비춰줄게 매일
어두워 헤맬 때도
앞이 두려워도
언제나 널 지켜줄게
세상이 널 아프게 할 땐
내가 안아줄게 매일
포근한 바람으로
따듯한 햇살로
난 널 지켜줄게 매일
너의 모든 시간 속에 내가 함께할게
오직 너를 위한 소중한 꿈을 담아
밝게 빛나는 별이 되어
너를 비춰줄게 매일
어두워 헤맬 때도
앞이 두려워도
언제나 널 지켜줄게
세상이 널 아프게 할 땐
내가 안아줄게 매일
포근한 바람으로
따듯한 햇살로
난 널 지켜줄게
네가 걸어가는 그 길 따라
수많은 별이 되어 비춰줄게
눈부시게 또 아름답게
너를 비춰줄게 매일
세월이 흐른대도
시간이 지나도
언제나 널 사랑할게
영원히 너만을 빛나게
내가 비춰줄게 매일
길고 긴 시간 속에서
찾아올 끝에도
너를 사랑할게 매일",2
94,95,취기를 빌려 (취향저격 그녀 X 산들),산들,2020.07.20,"212,585",취기를 빌려 (취향저격 그녀 X 산들),발라드,"언제부턴가 불쑥
내 습관이 돼버린 너
혹시나 이런 맘이
어쩌면 부담일까
널 주저했어
언제부턴가 점점
내 하루에 스며든 너
아침을 깨우는 네 생각에
어느샌가 거리엔
어둠이 젖어 들고
취기를 빌려
오늘 너에게 고백할 거야
하루하루 네가 좋다고
괜히 어색할까
혼자 애만 태우다
끝끝내 망설여왔던 순간
알잖아 나 무뚝뚝하고
말도 없는 걸
서툰 표현이 쑥스러워서 괜히
쓰다 지울 문자만 바라보다
멋쩍은 쓴웃음만
언제부턴가 가끔
너와 마주칠 때마다
한참을 머뭇거린
어설픈 손 인사만
오늘 밤도 후회로 잦아들고
취기를 빌려
오늘 너에게 고백할 거야
하루하루 보고 싶다고
괜히 어색할까 혼자 애만 태우다
수없이 연습해왔던 그 말
알잖아 나 무뚝뚝하고
말도 없는 걸
서툰 표현이 쑥스러워서 괜히
쓰다 지울 문자만 바라보다
멋쩍은 쓴웃음만
첫눈을 빌려
오늘은 꼭 고백할 거야
작은 너를 품에 안고서
눈을 마주하고
너무 사랑한다고
함께 하고 싶다고",1
95,96,네가 없는 밤 (Feat. ASH ISLAND) (Prod. GRAY),BE'O (비오),2021.12.04,"63,969",쇼미더머니 10 Final,랩/힙합,"나 외로웠지만
덕분에 버텼던 tonight
그 말은 하기 싫어 good bye
차라리 대신에 goodnight

꽤 멀리서
바라만 봐도 서로가 웃고 있어
너도 봤잖아 푸른색의 덜 익었던
나의 열매는 지금 더 진해져

차가운 목걸이가 조여
숨이 안 쉬어졌잖아
그럼에도 버텨본 건
네가 웃어줬잖아

Hate you
모두를 미워했던
날 바꾼 건
너네가 다 했어

아마도 우리 끝은 없고
나를 찾아줘
I will be your family

Be alone
Be alone
나 맨날
티 내고 바랬던 그 순간
시원하면서 후련해 but
역시 안돼 나 (너 없이는)

Be alone
Be alone
나 맨날
티 내고 바랬던 그 순간
시원하면서 후련해 but
역시 안돼 나

네가 없는 밤
네가 없는 밤
네가 없는 밤
사실 그때로 돌아가고파

I want you back
I want you back
I want you back
잠에 들지를 못하잖아
네가 없는 밤

Woah...woah
넌 어때 난 힘들어
네가 없는 밤

Woah...woah
넌 어때 난 안돼
네가 없는 밤

네가 없는 밤 너 없는 방
너 없는 나 고여있어 난
처음으로 날 떠오르게 하였고
외로웠었던 날

너 없인 나 잠들지 못해
슬픈 노랫말들을 적네
Now 이젠 I wanna go back
그래도 난 너에게 다가가지 못해

나 죽을 거 같았어 너 없는 날에
추운 거 같더라 저 저번 달엔
녹여줄 사람이 필요한 날엔
난 노래를 만들고 네 얘기가 있어 안엔

그리워 왠지 tonight
너에게 못 했던 말 good bye
오늘은 잘 자 good night
내가 없는 밤

네가 없는 밤
네가 없는 밤
네가 없는 밤
사실 그때로 돌아가고파

I want you back
I want you back
I want you back
잠에 들지를 못하잖아
네가 없는 밤

Woah...woah
넌 어때 난 힘들어
네가 없는 밤

Woah...woah
넌 어때 난 안돼
네가 없는 밤

Tonight에 난 아주 배부른 bad boy
음악에서나 이래 현실은 개똥
새벽 공기와 담배 연기를 백번
빨고 마시다 보니까 어른이

너와의 추억은 멀미나
심장이 놀라서 멀리가
처음 가보는 그 거리가
너무 가깝게 느껴졌었더라나

친구들이 채워주려 하는 너의 자리들은
미안하지만 물속에서의 소리 지름이야
지금 이 노래의 가산 10분 만에 나왔지만
그런 것들도 모두 전부 다 너의 영향이야

오지 말아줘 내 방안에
눕지 말아줘 내 침대 위에
가져가 향기는 날 위해
그 party 위해 난 빠질게

네가 없는 밤
네가 없는 밤
네가 없는 밤
사실 그때로 돌아가고파

I want you back
I want you back
I want you back
잠에 들지를 못하잖아
네가 없는 밤

Woah...woah
넌 어때 난 힘들어
네가 없는 밤

Woah...woah
넌 어때 난 안돼
네가 없는 밤",0
96,97,O.O,NMIXX,2022.02.22,"24,956",AD MARE,댄스,"WhOOk- whOOk
Ay Look at that moving eye eyes
봤니 shOOg shOOg shOOg
hOOk 들어와 내게 좀 더
좋아 zOOm zOOm gOOd
Get out 겁쟁인 XX
충격과 공포일걸 OOps
Gon’ pOppin’ it pOppin’ it
pOppin’ it now
궁금해 미치겠지 Open that bOOm
Check out Popcorn and Zero coke
빠진 건 없지 Come in
팔짱을 끼고 Sit down
곧 터지는 탄성
아직까진 Teaser
hOOt 기대해 coming sOOn
벌써 놀라지마
Calm down down down
Dan-da-ra dan-da-ra dan
지금 시작해
Dan-da-ra dan-da-ra dan
Sorry No way out
기다려봐 잠깐 Oh
Tension을 더 높여
더 높여 Leggo
두 눈이 커져 Like OO
Watch out baila baila baila
Watch it how nice how nice OO
Watch out baila baila baila
Watch it how nice how nice OO
Come on 한 방울 떨어뜨릴 때야
eye drops
Watch out baila baila baila
Watch it how nice how nice
NMIXX
0과 1의 미로가 보여
보고 있지만 말고 follow
Cause everything is fake
But I ain’t fake
진짜 시작은 지금부터
빰 빰 빰
See more more more
빰 빰 빰
Scream O O O
현실같은 Dream은 이제 지겹지 않니
잠든 너를 Tap-Tap 깨워 Knock-Knock
어서 button을 더 Tap-Tap 눌러봐봐
Follow follow me
Never let you down Be with me
Let me be your super hero
Ay Zip Zap zOOm Come on Come on
날 꼭 잡아 잡아
Just here we go
No 무서워할 거 없어 never give up
Baby 너와 나를 믿어
Zero + Zero = ∞ Oh 재밌지 않니
Ay Zip Zap zOOm Come on Come on
Baby you are ma super hero
너무 늦기 전에 Try
Baby what u waitin’ for
Cause now is the time
and finally we’ll Win
Watch out baila baila baila
Watch it how nice how nice OO
Watch out baila baila baila
Watch it how nice how nice OO
Come on 눈을 깜빡일 시간이야 babe
Watch out baila baila baila
Watch it how nice
how nice like OO
어때 어때 어때 OO
좋아 좋아 좋아 ㅇㅇ
Oh my 떨어진 멘탈은 챙겨가 babe
Watch out baila baila baila
어서 Follow Follow",2
97,98,별빛 같은 나의 사랑아,임영웅,2021.03.09,"71,309",별빛 같은 나의 사랑아,성인가요/트로트,"당신이 얼마나 내게
소중한 사람인지
세월이 흐르고 보니
이제 알 것 같아요
당신이 얼마나 내게
필요한 사람인지
세월이 지나고 보니
이제 알 것 같아요
밤하늘에 빛나는
별빛 같은 나의 사랑아
당신은 나의 영원한 사랑
사랑해요 사랑해요
날 믿고 따라준 사람
고마워요 행복합니다
왜 이리 눈물이 나요
밤하늘에 빛나는
별빛 같은 나의 사랑아
당신은 나의 영원한 사랑
사랑해요 사랑해요
날 믿고 따라준 사람
고마워요 행복합니다
왜 이리 눈물이 나요
왜 이리 눈물이 나요",0
98,99,늦은 후회,조현아 (어반자카파),2022.03.18,"7,387",늦은 후회,발라드,"얼마나 한참을 서있었는지
멀리 너의 모습 보면서
그 모습 사라질 때까지
나의 발걸음은
움직일 수조차 없었지
내가 어떤 사랑받았었는지
내가 어떤 아픔 줬는지
이제야 널 보낸 후에야
돌아선 후에야
다시 후회하고 있잖아
떠나간 다른 사람 때문에
비틀거리던 나를
힘들게 지켜주던 널
바라보지 않았지
그렇게 사랑이 온 지 몰랐어
기대어 울기만 했잖아
그런 내 눈물이
너의 가슴으로 흘러
아파하는 널 나는 밀어냈었지
사랑은 떠난 후에야 아는지
곁에 두고서 헤맨 건지
이제야 알겠어
너에게 기대어 울던
그 순간들이
가장 행복했었던 나를
내가 어떤 사랑받았었는지
내가 어떤 아픔 줬는지
이제야 널 보낸 후에야
돌아선 후에야
다시 후회하고 있잖아
떠나간 다른 사람 때문에
비틀거리던 나를
힘들게 지켜주던 널
바라보지 않았지
그렇게 사랑이 온 지 몰랐어
기대어 울기만 했잖아
그런 내 눈물이
너의 가슴으로 흘러
아파하는 널 나는 밀어냈었지
사랑은 떠난 후에야 아는지
곁에 두고서 헤맨 건지
이제야 알겠어
너에게 기대어 울던
그 순간들이
가장 행복했었던 나를",2
